Date,OAT,kW
1/1/2016 0:15,33.60000229,263.7
1/1/2016 0:30,33.10000229,279.3
1/1/2016 0:45,33.5,265.2
1/1/2016 1:00,33.5,285
1/1/2016 1:15,33.85000229,275.1
1/1/2016 1:30,34,279
1/1/2016 1:45,35.90000153,279.3
1/1/2016 2:00,36.70000076,267.3
1/1/2016 2:15,36.79999924,262.5
1/1/2016 2:30,36.75,261
1/1/2016 2:45,37.29999924,257.4
1/1/2016 3:00,35.55000114,255.9
1/1/2016 3:15,35,258
1/1/2016 3:30,34.39999962,262.2
1/1/2016 3:45,34.90000153,258.9
1/1/2016 4:00,35.70000076,254.7
1/1/2016 4:15,35.5,286.8
1/1/2016 4:30,35.95000076,293.1
1/1/2016 4:45,36.40000153,296.4
1/1/2016 5:00,35.95000076,292.8
1/1/2016 5:15,36.90000153,338.7
1/1/2016 5:30,38.60000229,355.2
1/1/2016 5:45,38.40000153,355.5
1/1/2016 6:00,36.85000038,351.9
1/1/2016 6:15,35.60000229,359.1
1/1/2016 6:30,35.64999962,360
1/1/2016 6:45,35.90000153,360.6
1/1/2016 7:00,35.95000076,354.6
1/1/2016 7:15,36.60000229,356.4
1/1/2016 7:30,37.10000038,360.6
1/1/2016 7:45,38.40000153,358.8
1/1/2016 8:00,39.10000038,351.6
1/1/2016 8:15,39.70000076,346.5
1/1/2016 8:30,42.10000038,348.9
1/1/2016 8:45,42.90000153,351
1/1/2016 9:00,42.35000038,346.5
1/1/2016 9:15,42.20000076,343.8
1/1/2016 9:30,41.70000076,346.2
1/1/2016 9:45,43.40000153,343.2
1/1/2016 10:00,45.35000038,343.5
1/1/2016 10:15,47.10000229,339.3
1/1/2016 10:30,47.00000191,338.1
1/1/2016 10:45,46.70000076,342.9
1/1/2016 11:00,48.45000076,348
1/1/2016 11:15,48.5,342.6
1/1/2016 11:30,49.35000038,344.4
1/1/2016 11:45,48.5,339.6
1/1/2016 12:00,49.20000076,341.1
1/1/2016 12:15,49.29999924,339.6
1/1/2016 12:30,51.85000038,351.6
1/1/2016 12:45,51,343.8
1/1/2016 13:00,51.70000076,351
1/1/2016 13:15,53.70000076,346.2
1/1/2016 13:30,54.35000038,348
1/1/2016 13:45,54.60000229,342
1/1/2016 14:00,55.70000076,355.2
1/1/2016 14:15,57,360.3
1/1/2016 14:30,58.25,354.9
1/1/2016 14:45,55.70000076,349.5
1/1/2016 15:00,52.75,349.5
1/1/2016 15:15,52.70000076,349.5
1/1/2016 15:30,51.05000114,344.4
1/1/2016 15:45,49.29999924,347.4
1/1/2016 16:00,48.29999924,344.4
1/1/2016 16:15,47.29999924,347.7
1/1/2016 16:30,46.85000229,347.4
1/1/2016 16:45,46,355.2
1/1/2016 17:00,45.55000114,358.2
1/1/2016 17:15,45.20000076,342.9
1/1/2016 17:30,45.05000114,329.1
1/1/2016 17:45,44.60000229,333
1/1/2016 18:00,44.30000114,341.1
1/1/2016 18:15,44.20000076,342
1/1/2016 18:30,43.75000191,344.4
1/1/2016 18:45,43.90000153,348.9
1/1/2016 19:00,43.25,343.8
1/1/2016 19:15,43.20000076,342
1/1/2016 19:30,43.35000038,347.4
1/1/2016 19:45,43.10000229,346.8
1/1/2016 20:00,42.45000076,345.3
1/1/2016 20:15,42.29999924,289.2
1/1/2016 20:30,42.15000153,280.5
1/1/2016 20:45,42.20000076,278.4
1/1/2016 21:00,41.80000114,284.4
1/1/2016 21:15,41.79999924,263.7
1/1/2016 21:30,41.30000114,259.8
1/1/2016 21:45,41.40000153,264
1/1/2016 22:00,41.10000229,262.2
1/1/2016 22:15,41.40000153,256.2
1/1/2016 22:30,42.30000114,263.4
1/1/2016 22:45,42.5,261.6
1/1/2016 23:00,42.60000229,264.9
1/1/2016 23:15,42.20000076,261.3
1/1/2016 23:30,41.60000038,255.9
1/1/2016 23:45,41.5,252.6
1/2/2016 0:00,42.25000191,251.1
1/2/2016 0:15,42.20000076,258
1/2/2016 0:30,41.80000114,259.2
1/2/2016 0:45,41.79999924,259.2
1/2/2016 1:00,41.10000229,257.4
1/2/2016 1:15,40.40000153,260.7
1/2/2016 1:30,40.29999924,261.3
1/2/2016 1:45,40.29999924,257.4
1/2/2016 2:00,40.25,251.7
1/2/2016 2:15,40.10000229,250.2
1/2/2016 2:30,40.40000153,247.8
1/2/2016 2:45,40.90000153,251.7
1/2/2016 3:00,40.95000076,252.9
1/2/2016 3:15,40.60000229,255.3
1/2/2016 3:30,41.35000038,252
1/2/2016 3:45,41.79999924,254.4
1/2/2016 4:00,41.89999962,255.3
1/2/2016 4:15,42.10000229,257.7
1/2/2016 4:30,41.75000191,254.4
1/2/2016 4:45,41.10000229,260.7
1/2/2016 5:00,41.55000114,260.4
1/2/2016 5:15,41.10000229,259.2
1/2/2016 5:30,41.25,257.7
1/2/2016 5:45,41.29999924,259.5
1/2/2016 6:00,41.50000191,258
1/2/2016 6:15,41,264.6
1/2/2016 6:30,41.20000076,268.5
1/2/2016 6:45,41.40000153,259.2
1/2/2016 7:00,41.54999924,252.6
1/2/2016 7:15,41.70000076,258.9
1/2/2016 7:30,41.64999962,264.6
1/2/2016 7:45,41.5,273.9
1/2/2016 8:00,41.75,260.7
1/2/2016 8:15,42,260.7
1/2/2016 8:30,42.80000114,259.8
1/2/2016 8:45,43,261
1/2/2016 9:00,43.85000038,258
1/2/2016 9:15,44.40000153,261
1/2/2016 9:30,44.75,261.6
1/2/2016 9:45,45.5,252.9
1/2/2016 10:00,46.75000191,254.4
1/2/2016 10:15,46.5,251.4
1/2/2016 10:30,47.95000076,260.1
1/2/2016 10:45,48.60000229,269.7
1/2/2016 11:00,48.75000191,264.9
1/2/2016 11:15,48.90000153,270.6
1/2/2016 11:30,51.50000191,272.4
1/2/2016 11:45,53.10000229,277.5
1/2/2016 12:00,51.95000076,267.6
1/2/2016 12:15,52.60000229,268.2
1/2/2016 12:30,51.45000076,261.3
1/2/2016 12:45,51.90000153,267
1/2/2016 13:00,53.5,269.1
1/2/2016 13:15,53.60000229,264.6
1/2/2016 13:30,53.85000038,260.7
1/2/2016 13:45,54.20000076,267.6
1/2/2016 14:00,57.75000191,270
1/2/2016 14:15,56.79999924,262.5
1/2/2016 14:30,53.80000114,272.1
1/2/2016 14:45,54,277.2
1/2/2016 15:00,53.15000153,276
1/2/2016 15:15,52.10000229,276.3
1/2/2016 15:30,51.70000076,269.1
1/2/2016 15:45,52.29999924,267
1/2/2016 16:00,52.45000076,273
1/2/2016 16:15,51.40000153,265.2
1/2/2016 16:30,50.95000076,264
1/2/2016 16:45,50,270
1/2/2016 17:00,49.35000038,273
1/2/2016 17:15,49.10000229,273.3
1/2/2016 17:30,49,276.6
1/2/2016 17:45,48.70000076,269.4
1/2/2016 18:00,48.40000153,272.7
1/2/2016 18:15,47.79999924,274.5
1/2/2016 18:30,47.20000076,272.1
1/2/2016 18:45,46.90000153,276.9
1/2/2016 19:00,47.55000114,278.1
1/2/2016 19:15,47.40000153,265.5
1/2/2016 19:30,46.80000114,263.7
1/2/2016 19:45,46.60000229,264.3
1/2/2016 20:00,46.35000038,268.8
1/2/2016 20:15,46,278.1
1/2/2016 20:30,46.20000076,274.8
1/2/2016 20:45,46.29999924,266.4
1/2/2016 21:00,46.05000114,264.3
1/2/2016 21:15,45.79999924,267
1/2/2016 21:30,45.80000114,258.6
1/2/2016 21:45,46.20000076,265.8
1/2/2016 22:00,45.60000229,266.4
1/2/2016 22:15,45.79999924,263.4
1/2/2016 22:30,45.95000076,264.9
1/2/2016 22:45,46,263.1
1/2/2016 23:00,45.89999962,263.1
1/2/2016 23:15,45.79999924,261.6
1/2/2016 23:30,45.79999924,259.5
1/2/2016 23:45,46,259.5
1/3/2016 0:00,45.5,264.9
1/3/2016 0:15,45.5,263.4
1/3/2016 0:30,45.50000191,265.2
1/3/2016 0:45,45.29999924,258.9
1/3/2016 1:00,45.29999924,250.8
1/3/2016 1:15,45.40000153,253.5
1/3/2016 1:30,45.54999924,251.7
1/3/2016 1:45,45.40000153,252.6
1/3/2016 2:00,45.5,256.8
1/3/2016 2:15,45.20000076,260.4
1/3/2016 2:30,45.5,264
1/3/2016 2:45,45.20000076,260.4
1/3/2016 3:00,44.54999924,259.2
1/3/2016 3:15,43.5,253.5
1/3/2016 3:30,43.25,252.3
1/3/2016 3:45,42.79999924,253.5
1/3/2016 4:00,42.39999962,254.7
1/3/2016 4:15,42.20000076,256.8
1/3/2016 4:30,41.5,259.8
1/3/2016 4:45,40.40000153,255.6
1/3/2016 5:00,41.45000076,249.9
1/3/2016 5:15,41.29999924,244.2
1/3/2016 5:30,41.35000038,243.3
1/3/2016 5:45,41.60000229,255
1/3/2016 6:00,42,261.6
1/3/2016 6:15,42.29999924,257.7
1/3/2016 6:30,41.95000076,258.3
1/3/2016 6:45,42.10000229,254.1
1/3/2016 7:00,43.35000229,252
1/3/2016 7:15,43,256.8
1/3/2016 7:30,43.75,255
1/3/2016 7:45,44.5,250.8
1/3/2016 8:00,45.25,249
1/3/2016 8:15,45.60000229,244.5
1/3/2016 8:30,46.30000114,249.3
1/3/2016 8:45,46.60000229,257.1
1/3/2016 9:00,47,258
1/3/2016 9:15,47.10000229,257.7
1/3/2016 9:30,48.20000076,255.6
1/3/2016 9:45,49.5,253.2
1/3/2016 10:00,49.60000038,255.3
1/3/2016 10:15,49.70000076,249.9
1/3/2016 10:30,51.10000038,258.9
1/3/2016 10:45,51.60000229,264.3
1/3/2016 11:00,51.75,268.2
1/3/2016 11:15,53.20000076,267
1/3/2016 11:30,52.64999962,262.5
1/3/2016 11:45,53.29999924,261
1/3/2016 12:00,54.25000191,271.2
1/3/2016 12:15,58,273.9
1/3/2016 12:30,58.40000153,275.4
1/3/2016 12:45,58,272.7
1/3/2016 13:00,56.85000038,266.7
1/3/2016 13:15,58.5,260.4
1/3/2016 13:30,58.64999962,251.1
1/3/2016 13:45,57.79999924,250.5
1/3/2016 14:00,56.30000114,257.1
1/3/2016 14:15,57,259.2
1/3/2016 14:30,56.14999962,256.2
1/3/2016 14:45,56.5,258.3
1/3/2016 15:00,56.30000114,264.6
1/3/2016 15:15,55.5,265.5
1/3/2016 15:30,55.64999962,259.5
1/3/2016 15:45,55.29999924,261.3
1/3/2016 16:00,54.5,263.4
1/3/2016 16:15,54.40000153,259.5
1/3/2016 16:30,54,257.4
1/3/2016 16:45,53.40000153,258.9
1/3/2016 17:00,53.10000038,262.8
1/3/2016 17:15,52.79999924,256.2
1/3/2016 17:30,52.65000153,258.9
1/3/2016 17:45,52.60000229,260.7
1/3/2016 18:00,51.85000038,268.8
1/3/2016 18:15,51.60000229,262.2
1/3/2016 18:30,51.15000153,259.8
1/3/2016 18:45,50.79999924,265.2
1/3/2016 19:00,50.65000153,265.2
1/3/2016 19:15,50.5,267.6
1/3/2016 19:30,50.15000153,265.8
1/3/2016 19:45,50.20000076,265.2
1/3/2016 20:00,50.20000076,268.2
1/3/2016 20:15,50.5,273.3
1/3/2016 20:30,50.35000229,264.6
1/3/2016 20:45,50.10000229,264
1/3/2016 21:00,49.80000114,254.4
1/3/2016 21:15,49.60000229,258.6
1/3/2016 21:30,49.45000076,257.7
1/3/2016 21:45,49.29999924,253.5
1/3/2016 22:00,49.15000153,254.1
1/3/2016 22:15,48.90000153,266.4
1/3/2016 22:30,48.75,263.7
1/3/2016 22:45,48.29999924,257.4
1/3/2016 23:00,48.64999962,259.5
1/3/2016 23:15,48.40000153,256.8
1/3/2016 23:30,48.89999962,258.6
1/3/2016 23:45,48.79999924,264
1/4/2016 0:00,48.45000076,262.8
1/4/2016 0:15,48.20000076,256.5
1/4/2016 0:30,47.64999962,254.1
1/4/2016 0:45,48.20000076,256.2
1/4/2016 1:00,48.55000114,262.2
1/4/2016 1:15,49,257.7
1/4/2016 1:30,48.55000114,258.9
1/4/2016 1:45,47.70000076,263.4
1/4/2016 2:00,48.15000153,260.1
1/4/2016 2:15,47.40000153,255.9
1/4/2016 2:30,47.95000076,251.1
1/4/2016 2:45,48.10000229,256.5
1/4/2016 3:00,47.79999924,254.1
1/4/2016 3:15,48.40000153,253.2
1/4/2016 3:30,48.20000076,253.2
1/4/2016 3:45,48.10000229,259.2
1/4/2016 4:00,48.05000114,260.7
1/4/2016 4:15,47.70000076,283.8
1/4/2016 4:30,47.45000076,288.3
1/4/2016 4:45,47.10000229,292.2
1/4/2016 5:00,47.29999924,289.8
1/4/2016 5:15,47,335.7
1/4/2016 5:30,47.50000191,346.2
1/4/2016 5:45,47.60000229,355.2
1/4/2016 6:00,47.85000038,358.5
1/4/2016 6:15,47.90000153,363.6
1/4/2016 6:30,47.80000114,374.1
1/4/2016 6:45,48,373.8
1/4/2016 7:00,48.25000191,388.2
1/4/2016 7:15,47.40000153,408.6
1/4/2016 7:30,47.05000114,411.6
1/4/2016 7:45,46.70000076,422.4
1/4/2016 8:00,46.65000153,419.4
1/4/2016 8:15,46.79999924,410.1
1/4/2016 8:30,47.14999962,412.2
1/4/2016 8:45,47.40000153,422.7
1/4/2016 9:00,48.35000038,423.6
1/4/2016 9:15,50.20000076,410.7
1/4/2016 9:30,52.89999962,413.1
1/4/2016 9:45,52.5,408.3
1/4/2016 10:00,54.25,412.2
1/4/2016 10:15,57.10000229,414.6
1/4/2016 10:30,57.80000114,408.6
1/4/2016 10:45,57.60000229,414
1/4/2016 11:00,57.85000038,416.1
1/4/2016 11:15,59.90000153,415.5
1/4/2016 11:30,58.89999962,405.9
1/4/2016 11:45,59.60000229,437.7
1/4/2016 12:00,61.35000038,459.6
1/4/2016 12:15,61.60000229,459
1/4/2016 12:30,62.90000153,462.6
1/4/2016 12:45,62.10000229,453.3
1/4/2016 13:00,63.10000229,456
1/4/2016 13:15,62.10000229,459
1/4/2016 13:30,63.45000076,467.1
1/4/2016 13:45,62.20000076,455.1
1/4/2016 14:00,60.70000076,450.3
1/4/2016 14:15,60.40000153,450.9
1/4/2016 14:30,60.20000076,444.3
1/4/2016 14:45,59.79999924,447.3
1/4/2016 15:00,60.30000114,447.3
1/4/2016 15:15,59.10000229,466.8
1/4/2016 15:30,58.85000038,445.8
1/4/2016 15:45,58.5,447.3
1/4/2016 16:00,59.15000153,444.6
1/4/2016 16:15,57.60000229,439.8
1/4/2016 16:30,57.10000038,449.7
1/4/2016 16:45,56.79999924,445.2
1/4/2016 17:00,56.20000076,446.1
1/4/2016 17:15,55.40000153,439.5
1/4/2016 17:30,55.15000153,432.3
1/4/2016 17:45,54.90000153,434.4
1/4/2016 18:00,54.60000229,432.6
1/4/2016 18:15,54.90000153,434.1
1/4/2016 18:30,54.75,427.5
1/4/2016 18:45,54.29999924,417
1/4/2016 19:00,53.75,417
1/4/2016 19:15,53.79999924,427.2
1/4/2016 19:30,53.80000114,432.6
1/4/2016 19:45,54,424.5
1/4/2016 20:00,54.25,419.4
1/4/2016 20:15,54.40000153,352.5
1/4/2016 20:30,54.30000114,350.4
1/4/2016 20:45,54.40000153,340.5
1/4/2016 21:00,54.35000038,309.6
1/4/2016 21:15,54.40000153,291
1/4/2016 21:30,54.80000114,291
1/4/2016 21:45,54.70000076,295.5
1/4/2016 22:00,54.40000153,286.5
1/4/2016 22:15,54.10000229,280.8
1/4/2016 22:30,54.15000153,279.9
1/4/2016 22:45,53.90000153,274.8
1/4/2016 23:00,53.60000229,277.5
1/4/2016 23:15,53.60000229,276.9
1/4/2016 23:30,53.95000076,282.9
1/4/2016 23:45,54,276
1/5/2016 0:00,53.80000114,284.4
1/5/2016 0:15,52.79999924,276
1/5/2016 0:30,52.75,279.9
1/5/2016 0:45,52.79999924,277.2
1/5/2016 1:00,52.39999962,277.8
1/5/2016 1:15,52.10000229,276.3
1/5/2016 1:30,52.35000038,275.7
1/5/2016 1:45,52.70000076,265.5
1/5/2016 2:00,52.75,263.1
1/5/2016 2:15,52.90000153,265.2
1/5/2016 2:30,52.60000038,266.1
1/5/2016 2:45,52.40000153,268.8
1/5/2016 3:00,52.25,272.4
1/5/2016 3:15,52.20000076,277.5
1/5/2016 3:30,52.25,275.1
1/5/2016 3:45,52.10000229,268.8
1/5/2016 4:00,51.89999962,270
1/5/2016 4:15,51.79999924,294.3
1/5/2016 4:30,51.64999962,291
1/5/2016 4:45,51.40000153,286.8
1/5/2016 5:00,50.95000076,292.5
1/5/2016 5:15,50.5,347.4
1/5/2016 5:30,49.95000076,368.7
1/5/2016 5:45,50.20000076,373.2
1/5/2016 6:00,50.25,359.7
1/5/2016 6:15,50,360.9
1/5/2016 6:30,49.79999924,357.6
1/5/2016 6:45,49.90000153,369
1/5/2016 7:00,49.75,386.4
1/5/2016 7:15,49.70000076,393.6
1/5/2016 7:30,49.90000153,403.5
1/5/2016 7:45,50,407.4
1/5/2016 8:00,50.20000076,407.4
1/5/2016 8:15,50.60000229,399
1/5/2016 8:30,51.25,409.2
1/5/2016 8:45,52,421.8
1/5/2016 9:00,52.15000153,417.3
1/5/2016 9:15,51.90000153,426.3
1/5/2016 9:30,52.45000076,428.4
1/5/2016 9:45,53.40000153,415.2
1/5/2016 10:00,54.45000076,413.4
1/5/2016 10:15,54.40000153,413.4
1/5/2016 10:30,54.80000114,416.1
1/5/2016 10:45,53.90000153,421.2
1/5/2016 11:00,53.89999962,412.5
1/5/2016 11:15,53.60000229,414
1/5/2016 11:30,52.45000076,412.2
1/5/2016 11:45,52.60000229,411.9
1/5/2016 12:00,53.15000153,417.6
1/5/2016 12:15,53.70000076,428.4
1/5/2016 12:30,52.95000076,428.4
1/5/2016 12:45,52.90000153,416.1
1/5/2016 13:00,53.5,412.5
1/5/2016 13:15,53.70000076,412.8
1/5/2016 13:30,53.5,411
1/5/2016 13:45,54.60000229,418.5
1/5/2016 14:00,55.20000076,410.4
1/5/2016 14:15,56,426.6
1/5/2016 14:30,58.20000076,431.4
1/5/2016 14:45,55.60000229,413.1
1/5/2016 15:00,54.89999962,422.1
1/5/2016 15:15,56.70000076,414.6
1/5/2016 15:30,54.85000038,409.5
1/5/2016 15:45,54.70000076,393.9
1/5/2016 16:00,53.75,400.5
1/5/2016 16:15,53.79999924,404.7
1/5/2016 16:30,52.54999924,401.7
1/5/2016 16:45,51.60000229,396
1/5/2016 17:00,50.85000038,395.4
1/5/2016 17:15,50.29999924,387
1/5/2016 17:30,50.25000191,383.7
1/5/2016 17:45,49.90000153,390.3
1/5/2016 18:00,49.95000076,393.9
1/5/2016 18:15,49.5,395.1
1/5/2016 18:30,48.55000114,385.8
1/5/2016 18:45,49,388.5
1/5/2016 19:00,49.40000153,385.2
1/5/2016 19:15,49.20000076,384.9
1/5/2016 19:30,48.45000076,386.7
1/5/2016 19:45,49.10000229,380.4
1/5/2016 20:00,49.05000114,369.3
1/5/2016 20:15,48.90000153,308.4
1/5/2016 20:30,48.75000191,303
1/5/2016 20:45,48.79999924,305.1
1/5/2016 21:00,48.85000038,303.3
1/5/2016 21:15,49.5,301.2
1/5/2016 21:30,48.60000038,285.3
1/5/2016 21:45,47.70000076,292.5
1/5/2016 22:00,47.35000038,288
1/5/2016 22:15,46.90000153,275.4
1/5/2016 22:30,46.40000153,278.4
1/5/2016 22:45,46.10000229,269.1
1/5/2016 23:00,46.20000076,261.3
1/5/2016 23:15,46.20000076,267.9
1/5/2016 23:30,46.89999962,270
1/5/2016 23:45,46.90000153,269.1
1/6/2016 0:00,47.45000076,266.7
1/6/2016 0:15,47.70000076,266.7
1/6/2016 0:30,47.89999962,261.9
1/6/2016 0:45,48.10000229,257.1
1/6/2016 1:00,47.95000076,261
1/6/2016 1:15,48,263.1
1/6/2016 1:30,49,257.1
1/6/2016 1:45,49.90000153,261.6
1/6/2016 2:00,50.05000114,265.8
1/6/2016 2:15,49.90000153,267.6
1/6/2016 2:30,50.10000229,269.1
1/6/2016 2:45,49.90000153,265.8
1/6/2016 3:00,50,263.1
1/6/2016 3:15,50.60000229,268.8
1/6/2016 3:30,50.39999962,271.8
1/6/2016 3:45,49.90000153,266.7
1/6/2016 4:00,49.60000038,262.5
1/6/2016 4:15,48.79999924,280.8
1/6/2016 4:30,48.10000038,287.7
1/6/2016 4:45,47.40000153,288.6
1/6/2016 5:00,46.89999962,289.2
1/6/2016 5:15,46.70000076,340.5
1/6/2016 5:30,46.75,346.5
1/6/2016 5:45,47.20000076,349.5
1/6/2016 6:00,47.60000038,352.5
1/6/2016 6:15,48,364.5
1/6/2016 6:30,47.95000076,370.2
1/6/2016 6:45,48,384.6
1/6/2016 7:00,48.25,393.6
1/6/2016 7:15,47.90000153,420.9
1/6/2016 7:30,47.85000038,418.8
1/6/2016 7:45,48,417.9
1/6/2016 8:00,48.25,415.5
1/6/2016 8:15,48.60000229,419.7
1/6/2016 8:30,48.90000153,427.2
1/6/2016 8:45,49.20000076,428.7
1/6/2016 9:00,50.45000076,425.1
1/6/2016 9:15,51.20000076,431.7
1/6/2016 9:30,51.54999924,425.4
1/6/2016 9:45,51.29999924,426.3
1/6/2016 10:00,53.45000076,427.2
1/6/2016 10:15,53.79999924,425.1
1/6/2016 10:30,54.70000076,423
1/6/2016 10:45,52.60000229,426
1/6/2016 11:00,50.90000153,424.8
1/6/2016 11:15,51.5,430.2
1/6/2016 11:30,55.05000114,417.3
1/6/2016 11:45,55.70000076,417.3
1/6/2016 12:00,54.80000114,426.9
1/6/2016 12:15,59.79999924,423.3
1/6/2016 12:30,56.20000076,417.9
1/6/2016 12:45,54,416.4
1/6/2016 13:00,52.39999962,415.2
1/6/2016 13:15,52.90000153,421.8
1/6/2016 13:30,54.75000191,410.1
1/6/2016 13:45,55.70000076,403.5
1/6/2016 14:00,55.20000076,405
1/6/2016 14:15,55.29999924,418.2
1/6/2016 14:30,55.55000114,414.6
1/6/2016 14:45,55.79999924,432
1/6/2016 15:00,55,418.5
1/6/2016 15:15,58.20000076,416.1
1/6/2016 15:30,55.75,408
1/6/2016 15:45,58.20000076,410.1
1/6/2016 16:00,55.95000076,406.2
1/6/2016 16:15,58.20000076,402.6
1/6/2016 16:30,54.70000076,413.1
1/6/2016 16:45,53,408.9
1/6/2016 17:00,52.04999924,409.5
1/6/2016 17:15,51.60000229,405
1/6/2016 17:30,50.75,402
1/6/2016 17:45,50.70000076,393.9
1/6/2016 18:00,50.35000038,396.3
1/6/2016 18:15,50.70000076,381.3
1/6/2016 18:30,50,388.2
1/6/2016 18:45,49.20000076,379.8
1/6/2016 19:00,48.39999962,378.9
1/6/2016 19:15,48.40000153,376.2
1/6/2016 19:30,47.80000114,379.2
1/6/2016 19:45,47.40000153,371.1
1/6/2016 20:00,47.10000038,372
1/6/2016 20:15,47.10000229,307.5
1/6/2016 20:30,47.70000076,312.9
1/6/2016 20:45,47.5,307.2
1/6/2016 21:00,47.45000076,309.9
1/6/2016 21:15,47.5,294.6
1/6/2016 21:30,47.40000153,283.5
1/6/2016 21:45,47.20000076,289.8
1/6/2016 22:00,46.95000076,283.2
1/6/2016 22:15,46.70000076,272.1
1/6/2016 22:30,46.45000076,268.8
1/6/2016 22:45,46.60000229,267.3
1/6/2016 23:00,46.5,271.8
1/6/2016 23:15,46.70000076,271.2
1/6/2016 23:30,46.55000114,268.8
1/6/2016 23:45,46.5,262.8
1/7/2016 0:00,46.39999962,261.9
1/7/2016 0:15,46,267
1/7/2016 0:30,45.70000076,266.4
1/7/2016 0:45,45.60000229,268.5
1/7/2016 1:00,45.75,265.8
1/7/2016 1:15,45.79999924,267.9
1/7/2016 1:30,45.65000153,266.4
1/7/2016 1:45,45.29999924,262.8
1/7/2016 2:00,44.95000076,258
1/7/2016 2:15,44.5,255.6
1/7/2016 2:30,44.25,255.9
1/7/2016 2:45,44.10000229,260.4
1/7/2016 3:00,43.55000114,264.3
1/7/2016 3:15,43.40000153,269.1
1/7/2016 3:30,42.80000114,265.2
1/7/2016 3:45,43,255.3
1/7/2016 4:00,43.30000114,255.6
1/7/2016 4:15,43.5,282.6
1/7/2016 4:30,43.25,292.2
1/7/2016 4:45,43,290.7
1/7/2016 5:00,43.05000114,291.3
1/7/2016 5:15,42.5,340.8
1/7/2016 5:30,41.85000038,351.9
1/7/2016 5:45,42.10000229,357.3
1/7/2016 6:00,42.00000191,351.9
1/7/2016 6:15,42.20000076,369
1/7/2016 6:30,42.45000076,378
1/7/2016 6:45,42.20000076,383.1
1/7/2016 7:00,42.60000038,392.7
1/7/2016 7:15,42.90000153,419.1
1/7/2016 7:30,43.40000153,423.9
1/7/2016 7:45,44,430.8
1/7/2016 8:00,44.95000076,425.1
1/7/2016 8:15,46.40000153,423.9
1/7/2016 8:30,46.85000038,440.4
1/7/2016 8:45,46.70000076,432
1/7/2016 9:00,47.55000114,433.5
1/7/2016 9:15,48.60000229,429.9
1/7/2016 9:30,48.35000038,411.9
1/7/2016 9:45,49.20000076,411.9
1/7/2016 10:00,48.00000191,416.1
1/7/2016 10:15,49.40000153,415.5
1/7/2016 10:30,50.45000076,411.9
1/7/2016 10:45,50.90000153,430.8
1/7/2016 11:00,51.75000191,423.9
1/7/2016 11:15,53,424.2
1/7/2016 11:30,55.54999924,416.7
1/7/2016 11:45,55.29999924,421.2
1/7/2016 12:00,55.30000114,415.5
1/7/2016 12:15,57.90000153,429
1/7/2016 12:30,58.39999962,431.1
1/7/2016 12:45,57.29999924,419.1
1/7/2016 13:00,59.55000114,416.1
1/7/2016 13:15,58.60000229,421.5
1/7/2016 13:30,57.39999962,431.7
1/7/2016 13:45,60.40000153,437.7
1/7/2016 14:00,55.79999924,435.3
1/7/2016 14:15,57.60000229,427.8
1/7/2016 14:30,57.75000191,426
1/7/2016 14:45,61.20000076,432
1/7/2016 15:00,61.55000114,416.7
1/7/2016 15:15,53.70000076,413.4
1/7/2016 15:30,59.65000153,408.3
1/7/2016 15:45,60.79999924,405.9
1/7/2016 16:00,60.10000038,405.6
1/7/2016 16:15,58.79999924,401.1
1/7/2016 16:30,52.85000229,402.3
1/7/2016 16:45,51.70000076,398.4
1/7/2016 17:00,50.75,395.1
1/7/2016 17:15,49.70000076,403.8
1/7/2016 17:30,48.45000076,393
1/7/2016 17:45,48.29999924,397.5
1/7/2016 18:00,48.10000229,396.6
1/7/2016 18:15,46.60000229,386.4
1/7/2016 18:30,46.05000114,369.9
1/7/2016 18:45,46.79999924,367.5
1/7/2016 19:00,46.60000229,369.9
1/7/2016 19:15,45.90000153,381.3
1/7/2016 19:30,44.90000153,385.2
1/7/2016 19:45,44.40000153,380.4
1/7/2016 20:00,43.80000114,371.7
1/7/2016 20:15,44,294.3
1/7/2016 20:30,43,287.7
1/7/2016 20:45,42.70000076,293.4
1/7/2016 21:00,42.15000153,297.3
1/7/2016 21:15,41.79999924,291.3
1/7/2016 21:30,41.75,286.8
1/7/2016 21:45,41.5,270
1/7/2016 22:00,41.25000191,267.6
1/7/2016 22:15,41.29999924,274.2
1/7/2016 22:30,40.65000153,265.8
1/7/2016 22:45,40.70000076,269.4
1/7/2016 23:00,41.14999962,271.8
1/7/2016 23:15,41.90000153,276
1/7/2016 23:30,40.65000153,273
1/7/2016 23:45,39.60000229,264.9
1/8/2016 0:00,39.25000191,278.7
1/8/2016 0:15,39.60000229,273.9
1/8/2016 0:30,39.5,273.6
1/8/2016 0:45,38.70000076,276.9
1/8/2016 1:00,39.50000191,279
1/8/2016 1:15,39.10000229,277.5
1/8/2016 1:30,38.40000153,279
1/8/2016 1:45,38.79999924,273.6
1/8/2016 2:00,38.70000076,274.2
1/8/2016 2:15,39,271.5
1/8/2016 2:30,38.45000076,270.9
1/8/2016 2:45,38.70000076,273
1/8/2016 3:00,38,274.8
1/8/2016 3:15,37.29999924,279.3
1/8/2016 3:30,37.75,275.1
1/8/2016 3:45,37.79999924,271.5
1/8/2016 4:00,37.15000153,276.6
1/8/2016 4:15,38,295.8
1/8/2016 4:30,37.95000076,294.9
1/8/2016 4:45,38.40000153,293.7
1/8/2016 5:00,38.75,301.5
1/8/2016 5:15,39.40000153,354.6
1/8/2016 5:30,39.70000076,355.5
1/8/2016 5:45,39.40000153,350.7
1/8/2016 6:00,40.15000153,362.7
1/8/2016 6:15,40.5,377.7
1/8/2016 6:30,41.15000153,375.6
1/8/2016 6:45,41.90000153,397.2
1/8/2016 7:00,41.95000076,398.4
1/8/2016 7:15,41.79999924,414.6
1/8/2016 7:30,42.50000191,419.1
1/8/2016 7:45,42.60000229,426
1/8/2016 8:00,42.89999962,415.5
1/8/2016 8:15,42.70000076,422.4
1/8/2016 8:30,43.70000076,420.3
1/8/2016 8:45,44.5,410.7
1/8/2016 9:00,45.10000038,405.9
1/8/2016 9:15,46.40000153,409.2
1/8/2016 9:30,47.85000038,411.3
1/8/2016 9:45,49.20000076,408
1/8/2016 10:00,49.80000114,411.9
1/8/2016 10:15,50,405.6
1/8/2016 10:30,50.10000038,419.1
1/8/2016 10:45,51.90000153,414.3
1/8/2016 11:00,52.39999962,422.1
1/8/2016 11:15,51.90000153,415.2
1/8/2016 11:30,53.05000114,405.6
1/8/2016 11:45,53.60000229,408
1/8/2016 12:00,54.20000076,408
1/8/2016 12:15,54.10000229,408.9
1/8/2016 12:30,56.65000153,409.2
1/8/2016 12:45,57.90000153,407.1
1/8/2016 13:00,58.95000076,410.1
1/8/2016 13:15,59.10000229,411
1/8/2016 13:30,60.95000076,410.1
1/8/2016 13:45,57.70000076,407.1
1/8/2016 14:00,55.20000076,405.9
1/8/2016 14:15,55.79999924,411.9
1/8/2016 14:30,54.55000114,412.2
1/8/2016 14:45,54,421.8
1/8/2016 15:00,53.75000191,417
1/8/2016 15:15,53.5,405.9
1/8/2016 15:30,53.30000114,405.6
1/8/2016 15:45,53.5,402.3
1/8/2016 16:00,53.30000114,403.8
1/8/2016 16:15,52.90000153,385.5
1/8/2016 16:30,53,379.5
1/8/2016 16:45,52.5,373.2
1/8/2016 17:00,52.10000038,387.9
1/8/2016 17:15,51.79999924,378.9
1/8/2016 17:30,51.75,378.9
1/8/2016 17:45,51.20000076,379.2
1/8/2016 18:00,51,379.5
1/8/2016 18:15,50.79999924,374.1
1/8/2016 18:30,51.20000076,374.7
1/8/2016 18:45,50.79999924,377.4
1/8/2016 19:00,50.79999924,373.2
1/8/2016 19:15,50.70000076,364.8
1/8/2016 19:30,50.45000076,373.8
1/8/2016 19:45,50.10000229,372.3
1/8/2016 20:00,49.5,372.3
1/8/2016 20:15,49.10000229,309.3
1/8/2016 20:30,49.00000191,312
1/8/2016 20:45,48.60000229,299.7
1/8/2016 21:00,49,294.3
1/8/2016 21:15,48.5,289.8
1/8/2016 21:30,48.79999924,296.7
1/8/2016 21:45,48.90000153,285.6
1/8/2016 22:00,48.70000076,279
1/8/2016 22:15,48.29999924,281.1
1/8/2016 22:30,48.75000191,275.1
1/8/2016 22:45,49.10000229,275.1
1/8/2016 23:00,48.35000038,268.5
1/8/2016 23:15,48.29999924,268.5
1/8/2016 23:30,48.20000076,267.9
1/8/2016 23:45,48.70000076,273.9
1/9/2016 0:00,48.70000076,268.2
1/9/2016 0:15,48,282.6
1/9/2016 0:30,48.05000114,283.5
1/9/2016 0:45,48.40000153,280.8
1/9/2016 1:00,48.85000038,270.3
1/9/2016 1:15,48.79999924,271.8
1/9/2016 1:30,49.40000153,263.4
1/9/2016 1:45,50.10000229,260.7
1/9/2016 2:00,50.20000076,261.6
1/9/2016 2:15,50.10000229,268.2
1/9/2016 2:30,50.35000038,267.3
1/9/2016 2:45,50.5,258.9
1/9/2016 3:00,50.5,253.5
1/9/2016 3:15,50.60000229,257.1
1/9/2016 3:30,50.40000153,259.2
1/9/2016 3:45,50.29999924,265.8
1/9/2016 4:00,50.29999924,261.6
1/9/2016 4:15,50.10000229,263.7
1/9/2016 4:30,49.80000114,257.7
1/9/2016 4:45,49.70000076,254.7
1/9/2016 5:00,49.75,258.9
1/9/2016 5:15,50,258.9
1/9/2016 5:30,50.00000191,264
1/9/2016 5:45,49.90000153,259.2
1/9/2016 6:00,49.90000153,258
1/9/2016 6:15,50,265.5
1/9/2016 6:30,49.85000038,268.8
1/9/2016 6:45,49.90000153,279.6
1/9/2016 7:00,49.85000038,273.3
1/9/2016 7:15,50,272.4
1/9/2016 7:30,50.25,280.5
1/9/2016 7:45,50.5,288
1/9/2016 8:00,50.80000114,281.1
1/9/2016 8:15,51.20000076,276
1/9/2016 8:30,51.55000114,271.5
1/9/2016 8:45,52.10000229,273.3
1/9/2016 9:00,52.05000114,281.4
1/9/2016 9:15,52.29999924,276.6
1/9/2016 9:30,53.00000191,273.9
1/9/2016 9:45,54.10000229,274.2
1/9/2016 10:00,54.55000114,277.2
1/9/2016 10:15,55.40000153,270
1/9/2016 10:30,55.95000076,270.3
1/9/2016 10:45,56.5,266.4
1/9/2016 11:00,57.30000114,264
1/9/2016 11:15,56,278.1
1/9/2016 11:30,57.15000153,275.7
1/9/2016 11:45,56.79999924,274.8
1/9/2016 12:00,56.35000038,278.4
1/9/2016 12:15,57.10000229,279.9
1/9/2016 12:30,58.10000038,276.9
1/9/2016 12:45,58.20000076,272.4
1/9/2016 13:00,59.70000076,270
1/9/2016 13:15,59,261
1/9/2016 13:30,58.90000153,260.7
1/9/2016 13:45,58.20000076,263.1
1/9/2016 14:00,57.85000038,271.5
1/9/2016 14:15,58.40000153,266.1
1/9/2016 14:30,57.35000038,271.5
1/9/2016 14:45,57.70000076,273.3
1/9/2016 15:00,57.50000191,281.7
1/9/2016 15:15,56.60000229,275.7
1/9/2016 15:30,57.10000038,270.6
1/9/2016 15:45,57,268.8
1/9/2016 16:00,56.85000038,270
1/9/2016 16:15,56.20000076,264.3
1/9/2016 16:30,56,267.9
1/9/2016 16:45,55.10000229,272.4
1/9/2016 17:00,54.35000038,271.2
1/9/2016 17:15,54.10000229,276
1/9/2016 17:30,53.45000076,272.1
1/9/2016 17:45,52.90000153,261.3
1/9/2016 18:00,52.39999962,266.7
1/9/2016 18:15,52,275.1
1/9/2016 18:30,51.95000076,273.6
1/9/2016 18:45,51.5,273.3
1/9/2016 19:00,51.25000191,270.3
1/9/2016 19:15,50.60000229,261.9
1/9/2016 19:30,50.45000076,259.2
1/9/2016 19:45,49.70000076,255.3
1/9/2016 20:00,49.25,265.2
1/9/2016 20:15,48.29999924,269.1
1/9/2016 20:30,48.40000153,274.5
1/9/2016 20:45,48.40000153,265.8
1/9/2016 21:00,48.70000076,263.1
1/9/2016 21:15,48.5,267.3
1/9/2016 21:30,48.30000114,264.6
1/9/2016 21:45,48.79999924,261.3
1/9/2016 22:00,48.90000153,267
1/9/2016 22:15,49,280.5
1/9/2016 22:30,48.65000153,270.3
1/9/2016 22:45,47.40000153,278.1
1/9/2016 23:00,48.35000038,281.7
1/9/2016 23:15,48.79999924,267.9
1/9/2016 23:30,48.79999924,262.2
1/9/2016 23:45,48.60000229,258
1/10/2016 0:00,49,271.2
1/10/2016 0:15,49,270.6
1/10/2016 0:30,49.20000076,282
1/10/2016 0:45,48.29999924,263.4
1/10/2016 1:00,48.20000076,263.7
1/10/2016 1:15,48.20000076,264
1/10/2016 1:30,48.25,263.1
1/10/2016 1:45,48.90000153,268.8
1/10/2016 2:00,48.70000076,261.9
1/10/2016 2:15,48.70000076,267
1/10/2016 2:30,48.40000153,261.3
1/10/2016 2:45,48.79999924,258.9
1/10/2016 3:00,49,255.6
1/10/2016 3:15,48.90000153,261.6
1/10/2016 3:30,49.15000153,255
1/10/2016 3:45,49.40000153,254.4
1/10/2016 4:00,49.45000076,255.9
1/10/2016 4:15,49.5,259.2
1/10/2016 4:30,49.45000076,258
1/10/2016 4:45,49.5,250.2
1/10/2016 5:00,49.65000153,252.3
1/10/2016 5:15,49.90000153,258.9
1/10/2016 5:30,49.89999962,254.1
1/10/2016 5:45,49.70000076,256.8
1/10/2016 6:00,49.70000076,255.6
1/10/2016 6:15,49.70000076,262.2
1/10/2016 6:30,49.39999962,263.4
1/10/2016 6:45,49,264.3
1/10/2016 7:00,48.80000114,263.7
1/10/2016 7:15,49,260.4
1/10/2016 7:30,49,255.3
1/10/2016 7:45,49,259.5
1/10/2016 8:00,49.55000114,263.4
1/10/2016 8:15,50,267.9
1/10/2016 8:30,50.14999962,259.2
1/10/2016 8:45,50.40000153,254.7
1/10/2016 9:00,52.15000153,257.4
1/10/2016 9:15,52.10000229,262.2
1/10/2016 9:30,52.45000076,260.7
1/10/2016 9:45,55.10000229,259.2
1/10/2016 10:00,56.20000076,258
1/10/2016 10:15,54.90000153,263.7
1/10/2016 10:30,55.20000076,261.6
1/10/2016 10:45,54.70000076,263.7
1/10/2016 11:00,55.30000114,260.7
1/10/2016 11:15,56,263.4
1/10/2016 11:30,57.30000114,260.7
1/10/2016 11:45,57.40000153,262.5
1/10/2016 12:00,59.45000076,269.1
1/10/2016 12:15,58.90000153,264.9
1/10/2016 12:30,57.20000076,265.5
1/10/2016 12:45,55.79999924,270.3
1/10/2016 13:00,55.50000191,265.5
1/10/2016 13:15,55.20000076,259.8
1/10/2016 13:30,55.55000114,267.6
1/10/2016 13:45,55.60000229,264.6
1/10/2016 14:00,54.70000076,272.7
1/10/2016 14:15,54.5,267.6
1/10/2016 14:30,53.90000153,269.4
1/10/2016 14:45,54.29999924,267
1/10/2016 15:00,53.70000076,259.8
1/10/2016 15:15,53.60000229,261.9
1/10/2016 15:30,53.30000114,268.2
1/10/2016 15:45,53,260.1
1/10/2016 16:00,53.25000191,272.1
1/10/2016 16:15,52.79999924,265.2
1/10/2016 16:30,52.75,265.2
1/10/2016 16:45,52.40000153,268.2
1/10/2016 17:00,52.35000038,270.3
1/10/2016 17:15,52.20000076,267.3
1/10/2016 17:30,52.45000076,274.2
1/10/2016 17:45,52.20000076,271.8
1/10/2016 18:00,52.20000076,276.3
1/10/2016 18:15,52,282.6
1/10/2016 18:30,51.85000038,276
1/10/2016 18:45,51.90000153,277.5
1/10/2016 19:00,51.35000038,274.8
1/10/2016 19:15,51.5,271.2
1/10/2016 19:30,51.40000153,265.5
1/10/2016 19:45,50.79999924,267
1/10/2016 20:00,50.55000114,269.1
1/10/2016 20:15,50.40000153,269.4
1/10/2016 20:30,49.95000076,270
1/10/2016 20:45,49.5,261.6
1/10/2016 21:00,49.85000229,263.7
1/10/2016 21:15,50.79999924,257.4
1/10/2016 21:30,50.90000153,254.7
1/10/2016 21:45,50.60000229,264.3
1/10/2016 22:00,50.85000038,259.2
1/10/2016 22:15,51.10000229,255.6
1/10/2016 22:30,50.80000114,261.6
1/10/2016 22:45,50.70000076,270
1/10/2016 23:00,50.25,264.9
1/10/2016 23:15,50.29999924,257.4
1/10/2016 23:30,49.55000114,253.2
1/10/2016 23:45,49.79999924,259.8
1/11/2016 0:00,49.14999962,263.7
1/11/2016 0:15,48.70000076,257.4
1/11/2016 0:30,48.25000191,262.2
1/11/2016 0:45,48.10000229,263.4
1/11/2016 1:00,48.20000076,265.2
1/11/2016 1:15,48.20000076,254.7
1/11/2016 1:30,48.30000114,258.9
1/11/2016 1:45,48.5,261.9
1/11/2016 2:00,48.60000038,257.1
1/11/2016 2:15,48.20000076,255.6
1/11/2016 2:30,48.65000153,253.5
1/11/2016 2:45,48.79999924,260.7
1/11/2016 3:00,48.85000038,268.2
1/11/2016 3:15,48.79999924,266.7
1/11/2016 3:30,48.95000076,264
1/11/2016 3:45,48.5,267.3
1/11/2016 4:00,48.85000038,262.5
1/11/2016 4:15,48.60000229,287.7
1/11/2016 4:30,49,289.2
1/11/2016 4:45,49.29999924,280.2
1/11/2016 5:00,49.20000076,287.1
1/11/2016 5:15,49.40000153,337.8
1/11/2016 5:30,49.40000153,354.6
1/11/2016 5:45,49.79999924,357
1/11/2016 6:00,50.05000114,352.8
1/11/2016 6:15,49.90000153,373.5
1/11/2016 6:30,50.35000038,375.9
1/11/2016 6:45,50.40000153,393.9
1/11/2016 7:00,49.25,408
1/11/2016 7:15,49.20000076,416.1
1/11/2016 7:30,49.55000114,403.8
1/11/2016 7:45,50.20000076,410.4
1/11/2016 8:00,50.45000076,418.5
1/11/2016 8:15,50.79999924,419.1
1/11/2016 8:30,51.45000076,424.5
1/11/2016 8:45,51.90000153,423.6
1/11/2016 9:00,51.80000114,424.5
1/11/2016 9:15,52,423.6
1/11/2016 9:30,52.75000191,415.2
1/11/2016 9:45,53.60000229,400.5
1/11/2016 10:00,54.05000114,402.3
1/11/2016 10:15,54.70000076,408.3
1/11/2016 10:30,55.90000153,413.7
1/11/2016 10:45,57,415.8
1/11/2016 11:00,56.55000114,409.8
1/11/2016 11:15,57,408.3
1/11/2016 11:30,56.95000076,405.6
1/11/2016 11:45,57.29999924,408.3
1/11/2016 12:00,58.60000229,404.1
1/11/2016 12:15,57.70000076,412.2
1/11/2016 12:30,58.89999962,433.8
1/11/2016 12:45,59.90000153,463.8
1/11/2016 13:00,61.55000114,457.5
1/11/2016 13:15,60.79999924,449.1
1/11/2016 13:30,61.15000153,446.1
1/11/2016 13:45,66.20000458,446.7
1/11/2016 14:00,65.65000153,459.6
1/11/2016 14:15,68.80000305,458.1
1/11/2016 14:30,65.25000191,451.2
1/11/2016 14:45,63.29999924,441.9
1/11/2016 15:00,61.30000114,443.1
1/11/2016 15:15,61.20000076,456.6
1/11/2016 15:30,60.89999962,453
1/11/2016 15:45,60.20000076,453
1/11/2016 16:00,59.95000076,460.5
1/11/2016 16:15,59.70000076,453.3
1/11/2016 16:30,59.60000038,439.5
1/11/2016 16:45,59.29999924,437.1
1/11/2016 17:00,58.45000076,432
1/11/2016 17:15,57.60000229,426.6
1/11/2016 17:30,57.35000038,435.6
1/11/2016 17:45,56.90000153,441
1/11/2016 18:00,56.25000191,427.8
1/11/2016 18:15,56.10000229,418.8
1/11/2016 18:30,55.95000076,430.5
1/11/2016 18:45,55.5,431.1
1/11/2016 19:00,55.55000114,424.5
1/11/2016 19:15,55.90000153,417.9
1/11/2016 19:30,55.80000114,415.8
1/11/2016 19:45,55.90000153,409.8
1/11/2016 20:00,55.45000076,404.4
1/11/2016 20:15,54.10000229,351.9
1/11/2016 20:30,54.10000038,351
1/11/2016 20:45,53.5,339.9
1/11/2016 21:00,53.40000153,301.8
1/11/2016 21:15,53.70000076,287.4
1/11/2016 21:30,53.30000114,289.8
1/11/2016 21:45,53.29999924,282
1/11/2016 22:00,53.40000153,289.2
1/11/2016 22:15,53.79999924,289.8
1/11/2016 22:30,53.45000076,290.7
1/11/2016 22:45,53.10000229,285
1/11/2016 23:00,53.10000229,315.3
1/11/2016 23:15,52.5,299.4
1/11/2016 23:30,51.20000076,283.5
1/11/2016 23:45,49.90000153,283.5
1/12/2016 0:00,49.45000076,284.4
1/12/2016 0:15,48.70000076,279.9
1/12/2016 0:30,48.45000076,273.9
1/12/2016 0:45,48.10000229,275.1
1/12/2016 1:00,47.75000191,265.2
1/12/2016 1:15,47.10000229,249.3
1/12/2016 1:30,46.85000038,259.8
1/12/2016 1:45,46.79999924,263.4
1/12/2016 2:00,47.20000076,259.8
1/12/2016 2:15,47.90000153,251.7
1/12/2016 2:30,48.45000076,250.8
1/12/2016 2:45,48.40000153,256.5
1/12/2016 3:00,48.35000038,259.8
1/12/2016 3:15,49.10000229,260.1
1/12/2016 3:30,49.75,257.7
1/12/2016 3:45,49.60000229,258.9
1/12/2016 4:00,48.70000076,259.5
1/12/2016 4:15,47,283.2
1/12/2016 4:30,47.10000229,285.9
1/12/2016 4:45,46.29999924,291.6
1/12/2016 5:00,46.05000114,288.9
1/12/2016 5:15,44.70000076,334.2
1/12/2016 5:30,45.00000191,342.3
1/12/2016 5:45,45,352.5
1/12/2016 6:00,44.79999924,370.8
1/12/2016 6:15,44.29999924,382.2
1/12/2016 6:30,44.45000076,386.4
1/12/2016 6:45,44.60000229,384
1/12/2016 7:00,44.25,390.9
1/12/2016 7:15,44.60000229,406.5
1/12/2016 7:30,44.40000153,406.5
1/12/2016 7:45,44.60000229,405.6
1/12/2016 8:00,45.75,414.6
1/12/2016 8:15,46.90000153,424.5
1/12/2016 8:30,48.40000153,435.6
1/12/2016 8:45,49,432.6
1/12/2016 9:00,50.75000191,422.1
1/12/2016 9:15,53.10000229,418.8
1/12/2016 9:30,53.35000038,411.9
1/12/2016 9:45,53.79999924,420.3
1/12/2016 10:00,54.90000153,414.6
1/12/2016 10:15,56.60000229,414.6
1/12/2016 10:30,56.70000076,409.8
1/12/2016 10:45,56.70000076,413.1
1/12/2016 11:00,57.85000038,433.2
1/12/2016 11:15,58.29999924,409.5
1/12/2016 11:30,60.54999924,419.1
1/12/2016 11:45,60.60000229,468.3
1/12/2016 12:00,63.60000229,477
1/12/2016 12:15,64.40000153,470.1
1/12/2016 12:30,64.45000267,461.1
1/12/2016 12:45,63.70000076,459
1/12/2016 13:00,65.45000076,459
1/12/2016 13:15,64.80000305,456
1/12/2016 13:30,65.05000305,457.8
1/12/2016 13:45,68.09999847,455.1
1/12/2016 14:00,69.90000153,456
1/12/2016 14:15,66.5,455.1
1/12/2016 14:30,65.75000381,443.1
1/12/2016 14:45,67.59999847,450
1/12/2016 15:00,63.85000038,450.3
1/12/2016 15:15,63.29999924,435
1/12/2016 15:30,62.45000076,441.9
1/12/2016 15:45,60.70000076,442.8
1/12/2016 16:00,59.64999962,439.5
1/12/2016 16:15,58.90000153,448.8
1/12/2016 16:30,58.00000191,442.5
1/12/2016 16:45,57.5,443.7
1/12/2016 17:00,57.10000038,436.8
1/12/2016 17:15,56.5,430.5
1/12/2016 17:30,56.45000076,419.4
1/12/2016 17:45,56.60000229,436.2
1/12/2016 18:00,57.20000076,428.1
1/12/2016 18:15,57.5,414
1/12/2016 18:30,56.89999962,406.8
1/12/2016 18:45,56.5,399.9
1/12/2016 19:00,57.20000076,416.1
1/12/2016 19:15,57.40000153,415.2
1/12/2016 19:30,58.60000229,404.1
1/12/2016 19:45,58.90000153,407.1
1/12/2016 20:00,58.70000076,408
1/12/2016 20:15,58.60000229,347.1
1/12/2016 20:30,58.55000114,343.2
1/12/2016 20:45,58.29999924,339.6
1/12/2016 21:00,58.30000114,291.6
1/12/2016 21:15,58.20000076,314.1
1/12/2016 21:30,57.85000038,307.8
1/12/2016 21:45,57.40000153,309.3
1/12/2016 22:00,57.70000076,312.6
1/12/2016 22:15,57.70000076,275.4
1/12/2016 22:30,57.75,273.3
1/12/2016 22:45,57.70000076,286.8
1/12/2016 23:00,58.25,347.7
1/12/2016 23:15,58.20000076,285
1/12/2016 23:30,58.00000191,259.8
1/12/2016 23:45,57.90000153,293.1
1/13/2016 0:00,57.90000153,320.1
1/13/2016 0:15,58.10000229,283.2
1/13/2016 0:30,57.95000076,262.8
1/13/2016 0:45,58.5,255.6
1/13/2016 1:00,58.65000153,296.1
1/13/2016 1:15,58.79999924,293.7
1/13/2016 1:30,57.85000038,276.9
1/13/2016 1:45,56.60000229,266.7
1/13/2016 2:00,55.45000076,287.4
1/13/2016 2:15,54.70000076,304.5
1/13/2016 2:30,53.55000114,270.6
1/13/2016 2:45,52.5,269.7
1/13/2016 3:00,52.60000038,252.9
1/13/2016 3:15,52.90000153,255.6
1/13/2016 3:30,53.50000191,252
1/13/2016 3:45,53.40000153,251.7
1/13/2016 4:00,53,251.4
1/13/2016 4:15,52.90000153,274.8
1/13/2016 4:30,53.00000191,273.3
1/13/2016 4:45,53.10000229,277.2
1/13/2016 5:00,54.55000114,278.7
1/13/2016 5:15,53.79999924,327
1/13/2016 5:30,55.25000191,333.3
1/13/2016 5:45,55.40000153,339
1/13/2016 6:00,56.10000038,347.7
1/13/2016 6:15,56.10000229,363.6
1/13/2016 6:30,55.35000038,358.5
1/13/2016 6:45,54.40000153,364.8
1/13/2016 7:00,54.05000114,384.9
1/13/2016 7:15,54.40000153,392.7
1/13/2016 7:30,55.15000153,402.3
1/13/2016 7:45,56.20000076,406.5
1/13/2016 8:00,55.70000076,405.6
1/13/2016 8:15,55.70000076,413.7
1/13/2016 8:30,56.55000114,413.4
1/13/2016 8:45,57.20000076,463.8
1/13/2016 9:00,58.95000076,466.5
1/13/2016 9:15,58.70000076,458.1
1/13/2016 9:30,59.35000229,467.4
1/13/2016 9:45,59.5,471.6
1/13/2016 10:00,59.40000153,471.9
1/13/2016 10:15,59.40000153,466.2
1/13/2016 10:30,60.15000153,456.9
1/13/2016 10:45,61.29999924,460.2
1/13/2016 11:00,60.60000038,463.5
1/13/2016 11:15,60.5,464.7
1/13/2016 11:30,60.40000153,468.3
1/13/2016 11:45,60.10000229,466.5
1/13/2016 12:00,59.50000191,462.9
1/13/2016 12:15,59.40000153,456.9
1/13/2016 12:30,59.30000114,455.7
1/13/2016 12:45,57.70000076,451.8
1/13/2016 13:00,59.35000038,463.2
1/13/2016 13:15,60.70000076,453.6
1/13/2016 13:30,60.05000114,454.5
1/13/2016 13:45,58.5,453.9
1/13/2016 14:00,55.25,461.4
1/13/2016 14:15,61,459.6
1/13/2016 14:30,62.70000267,459.9
1/13/2016 14:45,63.79999924,476.4
1/13/2016 15:00,62.75,480.6
1/13/2016 15:15,62.10000229,470.4
1/13/2016 15:30,56.85000038,465.6
1/13/2016 15:45,56.20000076,463.2
1/13/2016 16:00,56.05000114,451.5
1/13/2016 16:15,55.90000153,443.4
1/13/2016 16:30,55.80000114,445.5
1/13/2016 16:45,55.29999924,447
1/13/2016 17:00,54.60000038,439.8
1/13/2016 17:15,54,441.6
1/13/2016 17:30,53.70000076,425.1
1/13/2016 17:45,53,435.9
1/13/2016 18:00,51.70000076,435
1/13/2016 18:15,50.5,424.5
1/13/2016 18:30,49.5,423.6
1/13/2016 18:45,50.5,393.6
1/13/2016 19:00,49.00000191,383.7
1/13/2016 19:15,48.70000076,368.7
1/13/2016 19:30,48.04999924,382.2
1/13/2016 19:45,46.70000076,377.7
1/13/2016 20:00,46.5,371.7
1/13/2016 20:15,46.90000153,320.4
1/13/2016 20:30,47.45000076,314.7
1/13/2016 20:45,47.29999924,312.9
1/13/2016 21:00,47.5,309.9
1/13/2016 21:15,46.90000153,291.3
1/13/2016 21:30,46.65000153,293.4
1/13/2016 21:45,46,284.4
1/13/2016 22:00,45.55000114,296.1
1/13/2016 22:15,45.29999924,275.1
1/13/2016 22:30,45,272.4
1/13/2016 22:45,44.60000229,264.9
1/13/2016 23:00,44.50000191,290.7
1/13/2016 23:15,45,276
1/13/2016 23:30,44.85000038,266.7
1/13/2016 23:45,44.40000153,265.8
1/14/2016 0:00,44.05000114,264.3
1/14/2016 0:15,43.90000153,277.5
1/14/2016 0:30,44,256.2
1/14/2016 0:45,43.29999924,256.8
1/14/2016 1:00,42.75000191,262.2
1/14/2016 1:15,43.40000153,258.6
1/14/2016 1:30,42.80000114,256.5
1/14/2016 1:45,42.70000076,252.3
1/14/2016 2:00,42.30000114,252.9
1/14/2016 2:15,41.10000229,251.1
1/14/2016 2:30,40.95000076,253.8
1/14/2016 2:45,40.79999924,256.5
1/14/2016 3:00,40.80000114,261
1/14/2016 3:15,40.10000229,260.4
1/14/2016 3:30,40.05000114,265.8
1/14/2016 3:45,40.10000229,264.9
1/14/2016 4:00,39.05000114,258.9
1/14/2016 4:15,39,280.5
1/14/2016 4:30,39.45000076,285.3
1/14/2016 4:45,39.70000076,291.6
1/14/2016 5:00,39.90000153,294.6
1/14/2016 5:15,40,341.1
1/14/2016 5:30,40.90000153,359.7
1/14/2016 5:45,41,361.5
1/14/2016 6:00,40.70000076,359.1
1/14/2016 6:15,41.5,386.1
1/14/2016 6:30,41.55000114,384.9
1/14/2016 6:45,41.90000153,384.6
1/14/2016 7:00,41.50000191,400.5
1/14/2016 7:15,41.79999924,421.5
1/14/2016 7:30,41.70000076,412.8
1/14/2016 7:45,41.5,418.8
1/14/2016 8:00,41.85000229,413.7
1/14/2016 8:15,43,425.4
1/14/2016 8:30,44.45000076,426.6
1/14/2016 8:45,45.29999924,414.3
1/14/2016 9:00,45.70000076,411.9
1/14/2016 9:15,48.40000153,419.1
1/14/2016 9:30,50.00000191,430.2
1/14/2016 9:45,51.70000076,422.1
1/14/2016 10:00,52.85000229,425.7
1/14/2016 10:15,54.5,421.8
1/14/2016 10:30,55.35000038,434.4
1/14/2016 10:45,57,423.9
1/14/2016 11:00,58.64999962,425.1
1/14/2016 11:15,59.10000229,421.2
1/14/2016 11:30,58.20000076,417.9
1/14/2016 11:45,57.10000229,418.5
1/14/2016 12:00,57.70000076,408.3
1/14/2016 12:15,57,433.5
1/14/2016 12:30,57.85000038,453.9
1/14/2016 12:45,58.20000076,452.7
1/14/2016 13:00,59.35000038,452.1
1/14/2016 13:15,59.5,453.3
1/14/2016 13:30,59.20000076,451.5
1/14/2016 13:45,59.5,450.3
1/14/2016 14:00,58.20000076,453
1/14/2016 14:15,57.40000153,458.4
1/14/2016 14:30,56.45000076,455.4
1/14/2016 14:45,56.5,466.8
1/14/2016 15:00,56.64999962,468.3
1/14/2016 15:15,56.29999924,467.4
1/14/2016 15:30,55.5,458.4
1/14/2016 15:45,54.20000076,452.7
1/14/2016 16:00,54.20000076,455.4
1/14/2016 16:15,54,458.4
1/14/2016 16:30,53.75,452.4
1/14/2016 16:45,53.70000076,433.2
1/14/2016 17:00,53.35000229,394.2
1/14/2016 17:15,53.40000153,398.4
1/14/2016 17:30,53.29999924,404.1
1/14/2016 17:45,53.90000153,411
1/14/2016 18:00,53.85000038,398.7
1/14/2016 18:15,55,380.1
1/14/2016 18:30,55.65000153,375.3
1/14/2016 18:45,55.29999924,373.5
1/14/2016 19:00,54.80000114,370.2
1/14/2016 19:15,54.60000229,362.4
1/14/2016 19:30,54.70000076,370.8
1/14/2016 19:45,54.90000153,368.1
1/14/2016 20:00,54.45000076,369.9
1/14/2016 20:15,54,306.3
1/14/2016 20:30,54,299.1
1/14/2016 20:45,54.29999924,303.3
1/14/2016 21:00,53.89999962,299.7
1/14/2016 21:15,53.70000076,292.5
1/14/2016 21:30,54.29999924,287.7
1/14/2016 21:45,54.20000076,290.4
1/14/2016 22:00,53.55000114,284.4
1/14/2016 22:15,53,279.6
1/14/2016 22:30,52.55000114,266.7
1/14/2016 22:45,52.40000153,275.7
1/14/2016 23:00,52.35000038,274.5
1/14/2016 23:15,52.40000153,273.3
1/14/2016 23:30,53.04999924,303
1/14/2016 23:45,54.20000076,270.9
1/15/2016 0:00,54.90000153,266.4
1/15/2016 0:15,55.10000229,270.3
1/15/2016 0:30,54.45000076,267
1/15/2016 0:45,53,263.1
1/15/2016 1:00,52.85000038,259.8
1/15/2016 1:15,52.29999924,254.7
1/15/2016 1:30,52.45000076,261
1/15/2016 1:45,51.79999924,261.3
1/15/2016 2:00,52,259.8
1/15/2016 2:15,52.60000229,261.3
1/15/2016 2:30,52.10000038,252
1/15/2016 2:45,51.90000153,254.7
1/15/2016 3:00,51.95000076,259.8
1/15/2016 3:15,52.29999924,265.8
1/15/2016 3:30,52.80000114,258.9
1/15/2016 3:45,52.90000153,264.3
1/15/2016 4:00,52.5,255.9
1/15/2016 4:15,52.20000076,284.4
1/15/2016 4:30,52.60000038,285.6
1/15/2016 4:45,53.60000229,283.5
1/15/2016 5:00,53.85000038,281.7
1/15/2016 5:15,53.5,327.6
1/15/2016 5:30,53.25000191,345.6
1/15/2016 5:45,52.70000076,335.7
1/15/2016 6:00,52.64999962,337.2
1/15/2016 6:15,51.90000153,350.7
1/15/2016 6:30,50.30000114,357.9
1/15/2016 6:45,49.20000076,366
1/15/2016 7:00,48.75,367.8
1/15/2016 7:15,48.79999924,380.1
1/15/2016 7:30,49,381.9
1/15/2016 7:45,50,377.4
1/15/2016 8:00,50.89999962,383.7
1/15/2016 8:15,52.20000076,380.1
1/15/2016 8:30,53.65000153,382.8
1/15/2016 8:45,55.90000153,377.1
1/15/2016 9:00,57.25,385.5
1/15/2016 9:15,57.60000229,384.6
1/15/2016 9:30,58.14999962,385.8
1/15/2016 9:45,58.90000153,383.4
1/15/2016 10:00,59.65000153,393.3
1/15/2016 10:15,59.40000153,386.1
1/15/2016 10:30,60.55000114,393.3
1/15/2016 10:45,61.70000076,442.2
1/15/2016 11:00,62.35000038,433.8
1/15/2016 11:15,62.29999924,430.2
1/15/2016 11:30,63.45000267,430.2
1/15/2016 11:45,65,438
1/15/2016 12:00,62.40000153,440.4
1/15/2016 12:15,62.40000153,440.4
1/15/2016 12:30,60.75,432.3
1/15/2016 12:45,61.79999924,435
1/15/2016 13:00,62.50000191,423.3
1/15/2016 13:15,65.5,426.3
1/15/2016 13:30,65.44999886,429.3
1/15/2016 13:45,65.70000458,441.9
1/15/2016 14:00,67.5,438.9
1/15/2016 14:15,65.5,435.3
1/15/2016 14:30,67.60000229,436.2
1/15/2016 14:45,67.59999847,428.4
1/15/2016 15:00,68.5,441.3
1/15/2016 15:15,70.90000153,449.4
1/15/2016 15:30,67.84999847,440.4
1/15/2016 15:45,68.20000458,435
1/15/2016 16:00,68.20000076,441
1/15/2016 16:15,66,422.4
1/15/2016 16:30,64.5,431.7
1/15/2016 16:45,60.10000229,428.1
1/15/2016 17:00,59,412.5
1/15/2016 17:15,57.60000229,420
1/15/2016 17:30,55.95000076,412.2
1/15/2016 17:45,54.5,403.8
1/15/2016 18:00,54.75,394.5
1/15/2016 18:15,53.90000153,400.5
1/15/2016 18:30,53.80000114,401.7
1/15/2016 18:45,53.79999924,408.3
1/15/2016 19:00,53.85000038,404.7
1/15/2016 19:15,53.20000076,405.9
1/15/2016 19:30,53.35000038,410.7
1/15/2016 19:45,53.10000229,409.5
1/15/2016 20:00,53.20000076,400.5
1/15/2016 20:15,53.10000229,348.9
1/15/2016 20:30,53.89999962,349.2
1/15/2016 20:45,53.79999924,322.8
1/15/2016 21:00,53.85000038,284.1
1/15/2016 21:15,54,276.9
1/15/2016 21:30,54.30000114,271.2
1/15/2016 21:45,54.20000076,264.9
1/15/2016 22:00,53.70000076,271.5
1/15/2016 22:15,52.5,270.3
1/15/2016 22:30,51.70000076,265.2
1/15/2016 22:45,51.60000229,262.8
1/15/2016 23:00,51.35000038,261.6
1/15/2016 23:15,51.29999924,261.3
1/15/2016 23:30,51.25,273.3
1/15/2016 23:45,51.10000229,265.2
1/16/2016 0:00,50.95000076,273.6
1/16/2016 0:15,50.90000153,274.2
1/16/2016 0:30,50.85000038,296.7
1/16/2016 0:45,51,273
1/16/2016 1:00,51.55000114,269.4
1/16/2016 1:15,51.40000153,265.8
1/16/2016 1:30,51.30000114,267.9
1/16/2016 1:45,51.20000076,270.3
1/16/2016 2:00,51.39999962,258.3
1/16/2016 2:15,51.5,255.6
1/16/2016 2:30,51.50000191,260.4
1/16/2016 2:45,51.5,258
1/16/2016 3:00,51.45000076,258
1/16/2016 3:15,51.20000076,257.4
1/16/2016 3:30,51.45000076,259.8
1/16/2016 3:45,51.40000153,256.8
1/16/2016 4:00,51.45000076,252.3
1/16/2016 4:15,51.70000076,247.5
1/16/2016 4:30,51.60000038,250.8
1/16/2016 4:45,51.79999924,253.8
1/16/2016 5:00,52.10000229,250.8
1/16/2016 5:15,52.5,249.9
1/16/2016 5:30,51.95000076,252.3
1/16/2016 5:45,52,255
1/16/2016 6:00,51.5,258.3
1/16/2016 6:15,51.5,262.5
1/16/2016 6:30,51.75000191,261.3
1/16/2016 6:45,52,253.2
1/16/2016 7:00,52.30000114,248.7
1/16/2016 7:15,52.79999924,250.2
1/16/2016 7:30,52.90000153,255.9
1/16/2016 7:45,53.20000076,261
1/16/2016 8:00,53.39999962,273.3
1/16/2016 8:15,53.60000229,267
1/16/2016 8:30,54.45000076,253.8
1/16/2016 8:45,54.90000153,255.3
1/16/2016 9:00,57.10000038,254.1
1/16/2016 9:15,57.5,252
1/16/2016 9:30,57.75000191,258.6
1/16/2016 9:45,58.79999924,263.7
1/16/2016 10:00,59.20000076,260.7
1/16/2016 10:15,59.5,262.2
1/16/2016 10:30,60.95000076,260.4
1/16/2016 10:45,62.40000153,267
1/16/2016 11:00,62.80000114,266.7
1/16/2016 11:15,62.40000153,285.6
1/16/2016 11:30,62.79999924,309.3
1/16/2016 11:45,64,314.7
1/16/2016 12:00,65.34999847,320.4
1/16/2016 12:15,65.30000305,320.1
1/16/2016 12:30,65.55000305,318
1/16/2016 12:45,66.70000458,292.5
1/16/2016 13:00,66,338.7
1/16/2016 13:15,64.90000153,339
1/16/2016 13:30,64.00000191,306
1/16/2016 13:45,64.5,305.4
1/16/2016 14:00,64.35000038,303.3
1/16/2016 14:15,63.79999924,313.8
1/16/2016 14:30,63.45000076,301.2
1/16/2016 14:45,63.10000229,300.9
1/16/2016 15:00,63.75,309.6
1/16/2016 15:15,63,318.3
1/16/2016 15:30,62.45000076,313.8
1/16/2016 15:45,62.10000229,312.3
1/16/2016 16:00,61.60000229,308.7
1/16/2016 16:15,61.40000153,305.7
1/16/2016 16:30,60.80000114,302.7
1/16/2016 16:45,60.29999924,296.7
1/16/2016 17:00,60.10000038,299.7
1/16/2016 17:15,60,308.7
1/16/2016 17:30,60.05000114,303
1/16/2016 17:45,59.79999924,312.6
1/16/2016 18:00,59.55000114,308.7
1/16/2016 18:15,59,311.7
1/16/2016 18:30,58.65000153,303.3
1/16/2016 18:45,58.40000153,303.9
1/16/2016 19:00,58.15000153,303.3
1/16/2016 19:15,58.20000076,292.8
1/16/2016 19:30,58.05000114,300.3
1/16/2016 19:45,57.40000153,309.6
1/16/2016 20:00,57.64999962,305.1
1/16/2016 20:15,57.60000229,309.9
1/16/2016 20:30,57.10000038,305.1
1/16/2016 20:45,57,304.5
1/16/2016 21:00,56.65000153,298.5
1/16/2016 21:15,56.60000229,294.3
1/16/2016 21:30,55.89999962,291.9
1/16/2016 21:45,55,304.5
1/16/2016 22:00,54.75000191,299.4
1/16/2016 22:15,54.5,295.2
1/16/2016 22:30,53.60000229,295.8
1/16/2016 22:45,53.20000076,298.5
1/16/2016 23:00,53.10000038,290.7
1/16/2016 23:15,52.90000153,297
1/16/2016 23:30,53.45000076,297.9
1/16/2016 23:45,54.20000076,299.7
1/17/2016 0:00,54.40000153,307.2
1/17/2016 0:15,54.79999924,300.9
1/17/2016 0:30,54.55000114,293.1
1/17/2016 0:45,54.40000153,297
1/17/2016 1:00,54.35000038,298.8
1/17/2016 1:15,54.40000153,296.1
1/17/2016 1:30,54.55000114,291.6
1/17/2016 1:45,54.79999924,291
1/17/2016 2:00,54.95000076,295.5
1/17/2016 2:15,54.5,297.9
1/17/2016 2:30,55.20000076,291
1/17/2016 2:45,55.29999924,287.7
1/17/2016 3:00,55.20000076,297.6
1/17/2016 3:15,55.70000076,290.1
1/17/2016 3:30,55.50000191,286.5
1/17/2016 3:45,55.10000229,289.5
1/17/2016 4:00,55.15000153,290.7
1/17/2016 4:15,54.79999924,287.1
1/17/2016 4:30,54.64999962,282
1/17/2016 4:45,55.29999924,281.1
1/17/2016 5:00,56.35000229,286.5
1/17/2016 5:15,56.5,293.7
1/17/2016 5:30,56.80000114,298.8
1/17/2016 5:45,57.40000153,296.4
1/17/2016 6:00,57.20000076,291.3
1/17/2016 6:15,57,293.1
1/17/2016 6:30,56.85000038,294.3
1/17/2016 6:45,57,300.6
1/17/2016 7:00,56.80000114,295.8
1/17/2016 7:15,56.60000229,292.2
1/17/2016 7:30,56.95000076,288.9
1/17/2016 7:45,57,289.2
1/17/2016 8:00,56.95000076,293.7
1/17/2016 8:15,57,307.8
1/17/2016 8:30,57.95000076,311.1
1/17/2016 8:45,58.70000076,303.9
1/17/2016 9:00,59,298.5
1/17/2016 9:15,59.5,297.6
1/17/2016 9:30,59.10000038,296.7
1/17/2016 9:45,59.5,295.8
1/17/2016 10:00,59.5,299.7
1/17/2016 10:15,59.79999924,301.2
1/17/2016 10:30,59.90000153,295.5
1/17/2016 10:45,60.10000229,299.1
1/17/2016 11:00,60,309.3
1/17/2016 11:15,60.29999924,312.9
1/17/2016 11:30,60.85000229,313.2
1/17/2016 11:45,61.20000076,307.5
1/17/2016 12:00,60.5,307.8
1/17/2016 12:15,60.79999924,301.8
1/17/2016 12:30,61.35000229,296.7
1/17/2016 12:45,62.10000229,292.5
1/17/2016 13:00,61.60000038,299.4
1/17/2016 13:15,61.29999924,292.8
1/17/2016 13:30,62.10000038,295.5
1/17/2016 13:45,61.40000153,294.3
1/17/2016 14:00,61.85000038,299.1
1/17/2016 14:15,62.5,299.1
1/17/2016 14:30,62.35000229,297.9
1/17/2016 14:45,63.20000076,301.8
1/17/2016 15:00,62.40000153,295.5
1/17/2016 15:15,61.29999924,298.5
1/17/2016 15:30,60.80000114,296.4
1/17/2016 15:45,60.70000076,292.2
1/17/2016 16:00,60.95000076,298.8
1/17/2016 16:15,60.70000076,295.2
1/17/2016 16:30,60.40000153,294.6
1/17/2016 16:45,60.40000153,300
1/17/2016 17:00,60.20000076,303
1/17/2016 17:15,60.10000229,304.8
1/17/2016 17:30,59.39999962,310.5
1/17/2016 17:45,58.70000076,313.2
1/17/2016 18:00,58.00000191,306
1/17/2016 18:15,57.70000076,306.3
1/17/2016 18:30,57.5,300.3
1/17/2016 18:45,57.20000076,295.2
1/17/2016 19:00,56.90000153,298.8
1/17/2016 19:15,56.5,302.1
1/17/2016 19:30,56.55000114,298.5
1/17/2016 19:45,56.29999924,303
1/17/2016 20:00,56.29999924,306.6
1/17/2016 20:15,56.20000076,303.9
1/17/2016 20:30,56.15000153,301.8
1/17/2016 20:45,56.20000076,302.4
1/17/2016 21:00,56.29999924,303
1/17/2016 21:15,56.40000153,300.9
1/17/2016 21:30,56.55000114,296.7
1/17/2016 21:45,56.60000229,296.7
1/17/2016 22:00,56.35000038,294.9
1/17/2016 22:15,56.29999924,301.2
1/17/2016 22:30,56.20000076,300.9
1/17/2016 22:45,56.29999924,302.7
1/17/2016 23:00,56.25,299.4
1/17/2016 23:15,56.10000229,289.5
1/17/2016 23:30,56.15000153,288.9
1/17/2016 23:45,56.10000229,288.6
1/18/2016 0:00,56.10000229,290.4
1/18/2016 0:15,55.90000153,294.9
1/18/2016 0:30,55.80000114,290.1
1/18/2016 0:45,55.79999924,291
1/18/2016 1:00,55.60000038,286.8
1/18/2016 1:15,55.70000076,294.9
1/18/2016 1:30,55.55000114,297
1/18/2016 1:45,55.5,290.7
1/18/2016 2:00,55.5,288.6
1/18/2016 2:15,55.40000153,286.2
1/18/2016 2:30,55.5,282.9
1/18/2016 2:45,55.5,290.1
1/18/2016 3:00,55.30000114,291.9
1/18/2016 3:15,55.20000076,297.3
1/18/2016 3:30,54.95000076,295.5
1/18/2016 3:45,54.70000076,298.5
1/18/2016 4:00,54.70000076,297
1/18/2016 4:15,54.5,317.1
1/18/2016 4:30,54.20000076,321
1/18/2016 4:45,53.79999924,320.7
1/18/2016 5:00,53.75,318.3
1/18/2016 5:15,54,363.3
1/18/2016 5:30,54.05000114,369.6
1/18/2016 5:45,53.79999924,368.4
1/18/2016 6:00,53.5,373.5
1/18/2016 6:15,52,391.2
1/18/2016 6:30,51.30000114,385.5
1/18/2016 6:45,51.10000229,386.7
1/18/2016 7:00,50.90000153,397.8
1/18/2016 7:15,51.10000229,400.5
1/18/2016 7:30,50.35000038,391.8
1/18/2016 7:45,50.70000076,403.5
1/18/2016 8:00,51.29999924,414
1/18/2016 8:15,52.90000153,402.9
1/18/2016 8:30,53.90000153,405.3
1/18/2016 8:45,54.5,405.6
1/18/2016 9:00,56.45000076,403.2
1/18/2016 9:15,57.90000153,396.9
1/18/2016 9:30,59.45000076,396.3
1/18/2016 9:45,61.79999924,393.9
1/18/2016 10:00,62.04999924,397.5
1/18/2016 10:15,63,404.1
1/18/2016 10:30,63.10000038,409.5
1/18/2016 10:45,64.40000153,408.3
1/18/2016 11:00,64.90000153,413.7
1/18/2016 11:15,66.30000305,413.7
1/18/2016 11:30,68.70000076,411.6
1/18/2016 11:45,68.20000458,416.1
1/18/2016 12:00,66.45000458,420.6
1/18/2016 12:15,65.70000458,425.1
1/18/2016 12:30,69.20000076,424.8
1/18/2016 12:45,66.09999847,415.5
1/18/2016 13:00,67.45000458,420.3
1/18/2016 13:15,68.30000305,417.6
1/18/2016 13:30,70.65000153,425.7
1/18/2016 13:45,66.80000305,415.2
1/18/2016 14:00,67.55000305,415.5
1/18/2016 14:15,65.90000153,410.1
1/18/2016 14:30,64.60000229,422.7
1/18/2016 14:45,64.5,418.5
1/18/2016 15:00,64.65000153,408.6
1/18/2016 15:15,63.5,407.7
1/18/2016 15:30,62.80000114,416.1
1/18/2016 15:45,62.29999924,406.5
1/18/2016 16:00,62.54999924,397.8
1/18/2016 16:15,62.40000153,405.6
1/18/2016 16:30,62.00000191,396.3
1/18/2016 16:45,61.90000153,399.6
1/18/2016 17:00,60.70000076,412.2
1/18/2016 17:15,59.79999924,409.5
1/18/2016 17:30,59.25000191,409.2
1/18/2016 17:45,58.40000153,415.8
1/18/2016 18:00,58.10000038,398.4
1/18/2016 18:15,57.40000153,386.4
1/18/2016 18:30,57.55000114,391.2
1/18/2016 18:45,57.20000076,391.8
1/18/2016 19:00,56.95000076,395.7
1/18/2016 19:15,56.5,395.7
1/18/2016 19:30,56.75,387.6
1/18/2016 19:45,56.10000229,390.3
1/18/2016 20:00,56.30000114,389.4
1/18/2016 20:15,56,342.6
1/18/2016 20:30,55.95000076,330
1/18/2016 20:45,55.60000229,333
1/18/2016 21:00,54.5,336.3
1/18/2016 21:15,54,320.7
1/18/2016 21:30,53.85000038,313.8
1/18/2016 21:45,53.5,307.8
1/18/2016 22:00,53.75,304.8
1/18/2016 22:15,53.79999924,305.4
1/18/2016 22:30,53.55000114,300.6
1/18/2016 22:45,53.29999924,299.4
1/18/2016 23:00,52.95000076,297
1/18/2016 23:15,52.79999924,304.8
1/18/2016 23:30,53.30000114,308.7
1/18/2016 23:45,53.40000153,305.4
1/19/2016 0:00,53.30000114,299.1
1/19/2016 0:15,53.40000153,294
1/19/2016 0:30,53.00000191,296.1
1/19/2016 0:45,52.90000153,294.9
1/19/2016 1:00,52.90000153,295.5
1/19/2016 1:15,53.20000076,294.9
1/19/2016 1:30,53.50000191,299.1
1/19/2016 1:45,53.90000153,290.1
1/19/2016 2:00,53.89999962,285.6
1/19/2016 2:15,55.10000229,289.5
1/19/2016 2:30,54.70000076,289.8
1/19/2016 2:45,54.20000076,296.1
1/19/2016 3:00,53.89999962,298.5
1/19/2016 3:15,54,296.4
1/19/2016 3:30,53.85000038,296.1
1/19/2016 3:45,54,295.8
1/19/2016 4:00,54.30000114,293.7
1/19/2016 4:15,54.5,320.4
1/19/2016 4:30,54.40000153,323.7
1/19/2016 4:45,54.5,323.7
1/19/2016 5:00,54.50000191,323.7
1/19/2016 5:15,54.29999924,367.5
1/19/2016 5:30,54,371.4
1/19/2016 5:45,54.10000229,377.4
1/19/2016 6:00,54.20000076,382.5
1/19/2016 6:15,54.10000229,400.8
1/19/2016 6:30,54.10000038,408.3
1/19/2016 6:45,54.40000153,411.3
1/19/2016 7:00,54.65000153,425.7
1/19/2016 7:15,55,441
1/19/2016 7:30,55.05000114,436.5
1/19/2016 7:45,54.20000076,440.4
1/19/2016 8:00,54.25,447.6
1/19/2016 8:15,54.29999924,449.7
1/19/2016 8:30,54.55000114,453
1/19/2016 8:45,54.70000076,450.3
1/19/2016 9:00,55.05000114,448.8
1/19/2016 9:15,55.70000076,450.9
1/19/2016 9:30,56.79999924,440.1
1/19/2016 9:45,57.10000229,446.7
1/19/2016 10:00,58.90000153,444.3
1/19/2016 10:15,60.90000153,453.3
1/19/2016 10:30,58.75000191,454.8
1/19/2016 10:45,62.10000229,454.5
1/19/2016 11:00,60.65000153,466.8
1/19/2016 11:15,62.10000229,472.2
1/19/2016 11:30,62.65000153,472.8
1/19/2016 11:45,63,489.6
1/19/2016 12:00,62.60000229,477.6
1/19/2016 12:15,62.79999924,473.7
1/19/2016 12:30,64.15000153,469.2
1/19/2016 12:45,64,466.8
1/19/2016 13:00,63.80000114,469.8
1/19/2016 13:15,62.60000229,479.7
1/19/2016 13:30,63.30000114,452.4
1/19/2016 13:45,63.70000076,460.2
1/19/2016 14:00,61.75,465.3
1/19/2016 14:15,62.60000229,468.9
1/19/2016 14:30,61.15000153,471
1/19/2016 14:45,62.5,460.8
1/19/2016 15:00,61.35000229,456
1/19/2016 15:15,61.5,459.6
1/19/2016 15:30,61.04999924,465.3
1/19/2016 15:45,60.70000076,456
1/19/2016 16:00,61.25000191,448.2
1/19/2016 16:15,59.40000153,462.9
1/19/2016 16:30,58.90000153,438.3
1/19/2016 16:45,58.40000153,443.4
1/19/2016 17:00,57.90000153,435.3
1/19/2016 17:15,57.29999924,432.6
1/19/2016 17:30,56.95000076,437.4
1/19/2016 17:45,56.5,420.6
1/19/2016 18:00,55.85000038,424.5
1/19/2016 18:15,55,422.1
1/19/2016 18:30,54.39999962,425.1
1/19/2016 18:45,53.5,410.1
1/19/2016 19:00,52.79999924,409.8
1/19/2016 19:15,52.5,407.4
1/19/2016 19:30,51.95000076,415.8
1/19/2016 19:45,51.60000229,429
1/19/2016 20:00,51.25,414
1/19/2016 20:15,50.10000229,353.7
1/19/2016 20:30,50.29999924,358.2
1/19/2016 20:45,50.20000076,346.5
1/19/2016 21:00,50.05000114,356.4
1/19/2016 21:15,49.5,319.8
1/19/2016 21:30,49.60000038,316.8
1/19/2016 21:45,49.40000153,319.2
1/19/2016 22:00,49.20000076,317.4
1/19/2016 22:15,49.20000076,304.5
1/19/2016 22:30,48.45000076,304.5
1/19/2016 22:45,48.60000229,309.6
1/19/2016 23:00,48.60000038,333.6
1/19/2016 23:15,48.40000153,303.3
1/19/2016 23:30,47.65000153,307.2
1/19/2016 23:45,47.5,311.7
1/20/2016 0:00,48.20000076,310.8
1/20/2016 0:15,48.40000153,305.4
1/20/2016 0:30,47.90000153,310.5
1/20/2016 0:45,47.70000076,303
1/20/2016 1:00,47.25000191,312
1/20/2016 1:15,47.29999924,312.9
1/20/2016 1:30,46.45000076,309.6
1/20/2016 1:45,45.79999924,303.9
1/20/2016 2:00,46.25000191,296.7
1/20/2016 2:15,46.20000076,288
1/20/2016 2:30,45.70000076,289.8
1/20/2016 2:45,45.5,302.1
1/20/2016 3:00,45.20000076,301.8
1/20/2016 3:15,44.79999924,292.8
1/20/2016 3:30,44.55000114,299.7
1/20/2016 3:45,44.20000076,304.8
1/20/2016 4:00,44.15000153,299.7
1/20/2016 4:15,44.40000153,322.8
1/20/2016 4:30,44.95000076,326.4
1/20/2016 4:45,44.29999924,322.8
1/20/2016 5:00,45.35000038,327.9
1/20/2016 5:15,45.10000229,376.5
1/20/2016 5:30,44.85000038,386.1
1/20/2016 5:45,45.29999924,396.9
1/20/2016 6:00,45.5,405
1/20/2016 6:15,47.10000229,417.3
1/20/2016 6:30,47.55000114,420.6
1/20/2016 6:45,47.90000153,425.7
1/20/2016 7:00,48.35000038,434.7
1/20/2016 7:15,48.70000076,449.1
1/20/2016 7:30,49.55000114,438.6
1/20/2016 7:45,50,449.7
1/20/2016 8:00,50.85000038,447.3
1/20/2016 8:15,51.70000076,453.3
1/20/2016 8:30,51.70000076,405.6
1/20/2016 8:45,52.5,455.7
1/20/2016 9:00,52.29999924,457.2
1/20/2016 9:15,52.29999924,432.6
1/20/2016 9:30,52.95000076,405.9
1/20/2016 9:45,54.40000153,471.3
1/20/2016 10:00,55.79999924,468
1/20/2016 10:15,58.90000153,458.4
1/20/2016 10:30,60.30000114,453
1/20/2016 10:45,59.79999924,459.3
1/20/2016 11:00,60.85000038,459.6
1/20/2016 11:15,61.5,474.3
1/20/2016 11:30,61.60000038,468
1/20/2016 11:45,63.10000229,470.4
1/20/2016 12:00,64.75,479.4
1/20/2016 12:15,62.60000229,475.5
1/20/2016 12:30,65.5,473.4
1/20/2016 12:45,65.5,470.7
1/20/2016 13:00,66.60000229,461.4
1/20/2016 13:15,67.40000153,471
1/20/2016 13:30,67.20000076,471.6
1/20/2016 13:45,67.80000305,473.1
1/20/2016 14:00,67.95000458,486.9
1/20/2016 14:15,67.09999847,482.7
1/20/2016 14:30,68,483
1/20/2016 14:45,68.80000305,478.5
1/20/2016 15:00,69.10000229,467.7
1/20/2016 15:15,67.40000153,472.2
1/20/2016 15:30,66.35000229,468.3
1/20/2016 15:45,66.70000458,460.5
1/20/2016 16:00,63.75,462
1/20/2016 16:15,64.40000153,442.8
1/20/2016 16:30,64.90000153,442.8
1/20/2016 16:45,61,442.8
1/20/2016 17:00,59.25000191,452.1
1/20/2016 17:15,58,450.3
1/20/2016 17:30,57.15000153,441
1/20/2016 17:45,56.20000076,454.5
1/20/2016 18:00,55.75000191,440.4
1/20/2016 18:15,55.29999924,436.8
1/20/2016 18:30,54.65000153,418.8
1/20/2016 18:45,54.29999924,427.2
1/20/2016 19:00,53.80000114,416.1
1/20/2016 19:15,53.29999924,411
1/20/2016 19:30,52.95000076,409.5
1/20/2016 19:45,51.5,425.4
1/20/2016 20:00,51.20000076,417.9
1/20/2016 20:15,51.10000229,349.5
1/20/2016 20:30,50.95000076,340.2
1/20/2016 20:45,50.79999924,337.2
1/20/2016 21:00,50.80000114,339.3
1/20/2016 21:15,50.5,320.4
1/20/2016 21:30,50.30000114,311.4
1/20/2016 21:45,50.60000229,313.8
1/20/2016 22:00,50.75000191,317.1
1/20/2016 22:15,50.60000229,303
1/20/2016 22:30,50.25,315.3
1/20/2016 22:45,50.40000153,304.8
1/20/2016 23:00,50.29999924,335.7
1/20/2016 23:15,50.20000076,298.5
1/20/2016 23:30,49.70000076,294.9
1/20/2016 23:45,48.70000076,300.6
1/21/2016 0:00,49,316.8
1/21/2016 0:15,48.90000153,293.4
1/21/2016 0:30,48.89999962,296.4
1/21/2016 0:45,49,300.6
1/21/2016 1:00,49.05000114,302.4
1/21/2016 1:15,49,291.3
1/21/2016 1:30,49.05000114,299.7
1/21/2016 1:45,49,296.7
1/21/2016 2:00,49.10000038,285.9
1/21/2016 2:15,48.79999924,293.1
1/21/2016 2:30,48.90000153,287.4
1/21/2016 2:45,49.20000076,286.8
1/21/2016 3:00,48.90000153,293.4
1/21/2016 3:15,48.60000229,292.8
1/21/2016 3:30,48.5,294.6
1/21/2016 3:45,48.10000229,292.8
1/21/2016 4:00,48.35000038,295.8
1/21/2016 4:15,48.40000153,322.2
1/21/2016 4:30,48.45000076,325.8
1/21/2016 4:45,48,325.5
1/21/2016 5:00,47.55000114,321.9
1/21/2016 5:15,47.79999924,361.5
1/21/2016 5:30,47.65000153,366
1/21/2016 5:45,47.29999924,377.1
1/21/2016 6:00,47.30000114,383.4
1/21/2016 6:15,47.10000229,411.6
1/21/2016 6:30,46.95000076,414.9
1/21/2016 6:45,46.29999924,416.4
1/21/2016 7:00,47.05000114,417.3
1/21/2016 7:15,47.40000153,443.1
1/21/2016 7:30,47.25000191,435.3
1/21/2016 7:45,48.29999924,447.3
1/21/2016 8:00,48.85000038,457.5
1/21/2016 8:15,49.40000153,456.9
1/21/2016 8:30,49.60000038,459
1/21/2016 8:45,52.60000229,453.9
1/21/2016 9:00,54.10000038,467.4
1/21/2016 9:15,56.10000229,457.8
1/21/2016 9:30,56.40000153,460.5
1/21/2016 9:45,56.79999924,460.2
1/21/2016 10:00,58.65000153,462.9
1/21/2016 10:15,59.5,469.2
1/21/2016 10:30,62.25000191,459.9
1/21/2016 10:45,63.90000153,467.4
1/21/2016 11:00,63.54999924,459
1/21/2016 11:15,65.09999847,482.1
1/21/2016 11:30,64.20000267,463.2
1/21/2016 11:45,66.20000458,459.6
1/21/2016 12:00,65.30000305,458.1
1/21/2016 12:15,65.09999847,478.8
1/21/2016 12:30,67.00000381,474.3
1/21/2016 12:45,66.20000458,468
1/21/2016 13:00,66.25,463.2
1/21/2016 13:15,66.40000153,459
1/21/2016 13:30,67.15000153,460.5
1/21/2016 13:45,65.30000305,462.6
1/21/2016 14:00,64.10000229,450
1/21/2016 14:15,63.79999924,454.2
1/21/2016 14:30,66.09999847,462
1/21/2016 14:45,65.70000458,462.6
1/21/2016 15:00,65.95000458,471.6
1/21/2016 15:15,66.09999847,469.2
1/21/2016 15:30,66.25,454.8
1/21/2016 15:45,66.80000305,465.6
1/21/2016 16:00,66.30000305,460.2
1/21/2016 16:15,66,462
1/21/2016 16:30,65.90000153,448.2
1/21/2016 16:45,65,447
1/21/2016 17:00,64.79999924,457.5
1/21/2016 17:15,64.20000458,460.5
1/21/2016 17:30,64.04999924,444.3
1/21/2016 17:45,64.09999847,434.4
1/21/2016 18:00,64.65000153,436.5
1/21/2016 18:15,65.30000305,429.9
1/21/2016 18:30,65.75,417.9
1/21/2016 18:45,64.80000305,417
1/21/2016 19:00,63.10000038,407.7
1/21/2016 19:15,62.29999924,405.6
1/21/2016 19:30,61.95000076,401.7
1/21/2016 19:45,63.29999924,397.8
1/21/2016 20:00,63.89999962,396.9
1/21/2016 20:15,64.09999847,346.2
1/21/2016 20:30,63.5,340.2
1/21/2016 20:45,63.20000076,333.3
1/21/2016 21:00,62.90000153,338.1
1/21/2016 21:15,62.60000229,333.6
1/21/2016 21:30,61.95000076,322.8
1/21/2016 21:45,61.79999924,317.4
1/21/2016 22:00,61.30000114,311.1
1/21/2016 22:15,61,317.1
1/21/2016 22:30,60.80000114,306
1/21/2016 22:45,60.5,309.9
1/21/2016 23:00,60.20000076,304.5
1/21/2016 23:15,60.70000076,311.4
1/21/2016 23:30,60.25,315.3
1/21/2016 23:45,60.29999924,310.2
1/22/2016 0:00,60.20000076,304.2
1/22/2016 0:15,59.90000153,312
1/22/2016 0:30,59.55000114,311.1
1/22/2016 0:45,58.5,309.9
1/22/2016 1:00,57.95000076,292.5
1/22/2016 1:15,57.60000229,289.5
1/22/2016 1:30,58,290.7
1/22/2016 1:45,58.40000153,290.7
1/22/2016 2:00,58.25,284.4
1/22/2016 2:15,58.5,285.6
1/22/2016 2:30,58.85000038,285.6
1/22/2016 2:45,59.10000229,288
1/22/2016 3:00,59.10000229,294
1/22/2016 3:15,58.70000076,288.9
1/22/2016 3:30,57.85000038,291.6
1/22/2016 3:45,57.79999924,291.9
1/22/2016 4:00,57.25,292.8
1/22/2016 4:15,57.60000229,318
1/22/2016 4:30,57.45000076,325.2
1/22/2016 4:45,56.70000076,320.1
1/22/2016 5:00,56.15000153,316.8
1/22/2016 5:15,55.40000153,354.6
1/22/2016 5:30,55.20000076,366.9
1/22/2016 5:45,55.40000153,361.8
1/22/2016 6:00,55.39999962,374.4
1/22/2016 6:15,55.5,387.6
1/22/2016 6:30,55.35000038,392.7
1/22/2016 6:45,55.5,411.6
1/22/2016 7:00,55.75,405.9
1/22/2016 7:15,55.79999924,425.4
1/22/2016 7:30,56.05000114,427.5
1/22/2016 7:45,56.10000229,424.8
1/22/2016 8:00,56.10000038,429.9
1/22/2016 8:15,56.90000153,437.4
1/22/2016 8:30,57.75,441
1/22/2016 8:45,58.90000153,451.2
1/22/2016 9:00,58.80000114,443.4
1/22/2016 9:15,58.90000153,440.4
1/22/2016 9:30,59.54999924,440.7
1/22/2016 9:45,60.40000153,439.8
1/22/2016 10:00,60.70000076,441.9
1/22/2016 10:15,60.40000153,432
1/22/2016 10:30,60.54999924,435
1/22/2016 10:45,60.70000076,440.4
1/22/2016 11:00,59.75,447
1/22/2016 11:15,60.60000229,445.5
1/22/2016 11:30,60.80000114,441.9
1/22/2016 11:45,60,438.3
1/22/2016 12:00,59.75000191,433.2
1/22/2016 12:15,59.79999924,431.1
1/22/2016 12:30,59.15000153,442.5
1/22/2016 12:45,59.20000076,440.7
1/22/2016 13:00,59.05000114,442.8
1/22/2016 13:15,59.5,450
1/22/2016 13:30,59.60000038,441
1/22/2016 13:45,59.70000076,442.5
1/22/2016 14:00,59.85000038,444.3
1/22/2016 14:15,59.29999924,451.8
1/22/2016 14:30,59.75,435.6
1/22/2016 14:45,58.70000076,439.5
1/22/2016 15:00,58.70000076,434.1
1/22/2016 15:15,58.70000076,436.8
1/22/2016 15:30,58.85000038,438.6
1/22/2016 15:45,59,431.1
1/22/2016 16:00,58.85000038,426
1/22/2016 16:15,58.90000153,426.6
1/22/2016 16:30,58.89999962,430.8
1/22/2016 16:45,58.90000153,432.6
1/22/2016 17:00,59.14999962,423.3
1/22/2016 17:15,59.29999924,417.9
1/22/2016 17:30,59.29999924,411.9
1/22/2016 17:45,59.70000076,416.4
1/22/2016 18:00,59.70000076,414.6
1/22/2016 18:15,59.5,407.7
1/22/2016 18:30,59.20000076,398.1
1/22/2016 18:45,58.90000153,399.3
1/22/2016 19:00,58.55000114,394.8
1/22/2016 19:15,58.70000076,406.2
1/22/2016 19:30,58.25,413.7
1/22/2016 19:45,58,401.4
1/22/2016 20:00,58.35000038,390.3
1/22/2016 20:15,58.5,324.9
1/22/2016 20:30,58.35000038,322.5
1/22/2016 20:45,58.29999924,323.1
1/22/2016 21:00,58.5,334.8
1/22/2016 21:15,58.40000153,309.3
1/22/2016 21:30,58.40000153,303
1/22/2016 21:45,57.90000153,302.1
1/22/2016 22:00,57.35000229,299.1
1/22/2016 22:15,55.90000153,304.5
1/22/2016 22:30,52.85000229,314.1
1/22/2016 22:45,52.70000076,302.1
1/22/2016 23:00,52.60000038,302.4
1/22/2016 23:15,52.70000076,303.9
1/22/2016 23:30,52.20000076,299.4
1/22/2016 23:45,52.5,296.1
1/23/2016 0:00,52.39999962,308.7
1/23/2016 0:15,53.40000153,289.2
1/23/2016 0:30,52.65000153,287.4
1/23/2016 0:45,52.10000229,295.5
1/23/2016 1:00,52.15000153,293.7
1/23/2016 1:15,52.10000229,295.2
1/23/2016 1:30,52.40000153,294.6
1/23/2016 1:45,53.29999924,297.9
1/23/2016 2:00,53.89999962,291.9
1/23/2016 2:15,54,299.4
1/23/2016 2:30,54.10000038,296.1
1/23/2016 2:45,55.5,291.9
1/23/2016 3:00,55.60000102,294.3
1/23/2016 3:15,55.16666794,286.5
1/23/2016 3:30,54.96666845,282.9
1/23/2016 3:45,54.50000127,284.4
1/23/2016 4:00,54.60000102,285.9
1/23/2016 4:15,54.63333384,283.2
1/23/2016 4:30,54.20000076,294
1/23/2016 4:45,53.90000025,302.4
1/23/2016 5:00,53.86666743,293.4
1/23/2016 5:15,53.43333435,294.3
1/23/2016 5:30,53.10000102,291.9
1/23/2016 5:45,53.03333537,287.4
1/23/2016 6:00,52.76666641,283.8
1/23/2016 6:15,52.56666819,279.6
1/23/2016 6:30,52.56666692,283.8
1/23/2016 6:45,52.60000102,292.5
1/23/2016 7:00,52.70000076,296.4
1/23/2016 7:15,53.0333341,284.7
1/23/2016 7:30,52.90000153,288.9
1/23/2016 7:45,53.26666768,291.6
1/23/2016 8:00,53.80000051,301.2
1/23/2016 8:15,55.10000102,297
1/23/2016 8:30,56.0333341,283.5
1/23/2016 8:45,56.0333341,283.8
1/23/2016 9:00,54.90000153,298.5
1/23/2016 9:15,54.23333359,256.2
1/23/2016 9:30,56.66666667,297
1/23/2016 9:45,58.26666641,294
1/23/2016 10:00,55.0333341,293.7
1/23/2016 10:15,58.36666616,289.8
1/23/2016 10:30,59.20000076,246.3
1/23/2016 10:45,58.76666641,241.2
1/23/2016 11:00,59.76666768,243
1/23/2016 11:15,59.30000051,243.9
1/23/2016 11:30,60.8333346,264.6
1/23/2016 11:45,58.40000153,311.7
1/23/2016 12:00,55.70000076,306.9
1/23/2016 12:15,59,296.4
1/23/2016 12:30,57.90000153,294.6
1/23/2016 12:45,60.30000051,293.7
1/23/2016 13:00,58.66666794,294.3
1/23/2016 13:15,53.3333346,290.1
1/23/2016 13:30,53.80000051,291
1/23/2016 13:45,56.50000127,293.4
1/23/2016 14:00,56.8333346,305.7
1/23/2016 14:15,54.86666743,298.5
1/23/2016 14:30,54.36666743,296.7
1/23/2016 14:45,56.63333511,300
1/23/2016 15:00,57.76666768,299.1
1/23/2016 15:15,60,302.7
1/23/2016 15:30,59.09999975,291.9
1/23/2016 15:45,53.59999975,288.9
1/23/2016 16:00,61.00000127,290.7
1/23/2016 16:15,60.66666667,297.6
1/23/2016 16:30,55.50000127,305.4
1/23/2016 16:45,53.43333435,300.9
1/23/2016 17:00,52.90000153,309.3
1/23/2016 17:15,52.50000127,307.5
1/23/2016 17:30,51.96666718,314.1
1/23/2016 17:45,51.46666718,320.7
1/23/2016 18:00,51,307.5
1/23/2016 18:15,50.5333341,306.9
1/23/2016 18:30,50.10000102,307.8
1/23/2016 18:45,51.20000203,303.3
1/23/2016 19:00,51.23333486,312.3
1/23/2016 19:15,50.86666743,307.2
1/23/2016 19:30,50.86666743,314.1
1/23/2016 19:45,50.80000051,309.3
1/23/2016 20:00,51.0333341,309.3
1/23/2016 20:15,50.93333435,302.4
1/23/2016 20:30,49.93333435,297.6
1/23/2016 20:45,48.30000051,299.1
1/23/2016 21:00,49.0333341,298.8
1/23/2016 21:15,48.86666743,290.7
1/23/2016 21:30,48.20000076,294.9
1/23/2016 21:45,46.46666718,301.8
1/23/2016 22:00,45.8333346,300
1/23/2016 22:15,45.96666845,301.5
1/23/2016 22:30,46.46666718,304.5
1/23/2016 22:45,47.40000153,307.8
1/23/2016 23:00,47.3333346,305.1
1/23/2016 23:15,46.23333486,297.3
1/23/2016 23:30,45.23333359,307.2
1/23/2016 23:45,45.20000076,309.9
1/24/2016 0:00,46.36666743,289.2
1/24/2016 0:15,46.56666692,284.7
1/24/2016 0:30,45.26666768,292.2
1/24/2016 0:45,44.46666718,293.4
1/24/2016 1:00,44.5,292.2
1/24/2016 1:15,45.0333341,297.9
1/24/2016 1:30,44.5333341,290.7
1/24/2016 1:45,44,290.7
1/24/2016 2:00,43.5333341,278.1
1/24/2016 2:15,43.20000076,281.1
1/24/2016 2:30,42.4666659,284.1
1/24/2016 2:45,42.40000153,289.2
1/24/2016 3:00,41.96666845,286.5
1/24/2016 3:15,43.10000229,285.9
1/24/2016 3:30,42.83333333,288.6
1/24/2016 3:45,42.19999949,298.2
1/24/2016 4:00,41.69999949,291.3
1/24/2016 4:15,41.66666794,286.5
1/24/2016 4:30,42.06666692,285.9
1/24/2016 4:45,42.16666667,286.8
1/24/2016 5:00,41.83333333,288.9
1/24/2016 5:15,42.10000102,289.5
1/24/2016 5:30,41.76666641,285.9
1/24/2016 5:45,42.50000127,288.3
1/24/2016 6:00,42.83333333,287.7
1/24/2016 6:15,43.43333435,295.8
1/24/2016 6:30,45.70000076,286.5
1/24/2016 6:45,45.63333384,296.7
1/24/2016 7:00,44.36666743,297
1/24/2016 7:15,43.43333435,297.9
1/24/2016 7:30,44.59999975,283.5
1/24/2016 7:45,46,279.9
1/24/2016 8:00,48.70000076,285.3
1/24/2016 8:15,50.60000102,291
1/24/2016 8:30,52.13333511,291
1/24/2016 8:45,53.46666845,291
1/24/2016 9:00,54.23333359,289.5
1/24/2016 9:15,55.13333384,288
1/24/2016 9:30,55.50000127,278.1
1/24/2016 9:45,54.8666687,280.2
1/24/2016 10:00,55.40000025,276.3
1/24/2016 10:15,56.23333359,287.7
1/24/2016 10:30,56.16666794,285.6
1/24/2016 10:45,57.33333333,282.3
1/24/2016 11:00,57.50000127,285
1/24/2016 11:15,57.40000025,297
1/24/2016 11:30,56.80000178,294
1/24/2016 11:45,57.96666718,298.5
1/24/2016 12:00,57.56666692,300.6
1/24/2016 12:15,59.13333511,299.1
1/24/2016 12:30,60.96666845,303.6
1/24/2016 12:45,61,300.9
1/24/2016 13:00,59.73333359,302.7
1/24/2016 13:15,61.43333435,309.3
1/24/2016 13:30,62.0333341,301.5
1/24/2016 13:45,62.5,293.1
1/24/2016 14:00,61.3333346,288
1/24/2016 14:15,62.70000076,286.5
1/24/2016 14:30,64.80000178,304.2
1/24/2016 14:45,64.30000178,301.5
1/24/2016 15:00,59.0333341,300
1/24/2016 15:15,57.60000102,306.9
1/24/2016 15:30,57.40000153,301.8
1/24/2016 15:45,63.93333562,301.5
1/24/2016 16:00,64.7333374,303.9
1/24/2016 16:15,61.3333346,297
1/24/2016 16:30,58.96666718,293.4
1/24/2016 16:45,55.20000076,296.7
1/24/2016 17:00,53.93333435,312.6
1/24/2016 17:15,53.20000076,315
1/24/2016 17:30,52.23333359,316.2
1/24/2016 17:45,51.59999975,308.4
1/24/2016 18:00,50.90000025,295.5
1/24/2016 18:15,50.5,307.2
1/24/2016 18:30,49.76666768,298.5
1/24/2016 18:45,49.56666819,308.7
1/24/2016 19:00,48.76666768,306.9
1/24/2016 19:15,47.70000076,297.9
1/24/2016 19:30,48.13333384,302.4
1/24/2016 19:45,48.20000076,297.3
1/24/2016 20:00,48.16666667,291.3
1/24/2016 20:15,47.90000025,289.8
1/24/2016 20:30,47.76666768,292.2
1/24/2016 20:45,48.06666692,300
1/24/2016 21:00,47.63333511,288.3
1/24/2016 21:15,47.40000153,292.8
1/24/2016 21:30,47.13333511,294.6
1/24/2016 21:45,46.8666687,306.6
1/24/2016 22:00,46.76666768,303.9
1/24/2016 22:15,46.80000178,297.9
1/24/2016 22:30,46.06666692,289.8
1/24/2016 22:45,45.96666845,293.7
1/24/2016 23:00,45.56666692,294
1/24/2016 23:15,45.73333359,291.3
1/24/2016 23:30,45.73333359,294.6
1/24/2016 23:45,45.90000025,300
1/25/2016 0:00,46.46666845,297
1/25/2016 0:15,46.43333435,294.6
1/25/2016 0:30,46.5,289.2
1/25/2016 0:45,46,291.6
1/25/2016 1:00,45.20000076,291.9
1/25/2016 1:15,44.66666794,286.5
1/25/2016 1:30,44.5,288.9
1/25/2016 1:45,45.26666768,291.3
1/25/2016 2:00,45.16666667,295.2
1/25/2016 2:15,44.90000025,295.8
1/25/2016 2:30,44.56666819,289.2
1/25/2016 2:45,43.76666768,285.3
1/25/2016 3:00,43.60000102,292.2
1/25/2016 3:15,43.30000178,301.5
1/25/2016 3:30,42.93333435,304.5
1/25/2016 3:45,43.23333359,300.3
1/25/2016 4:00,43.60000102,295.5
1/25/2016 4:15,44.46666718,316.5
1/25/2016 4:30,45.30000051,321.9
1/25/2016 4:45,45.70000203,321.9
1/25/2016 5:00,45.70000076,320.7
1/25/2016 5:15,45.26666768,366
1/25/2016 5:30,45.16666794,373.8
1/25/2016 5:45,45.26666641,378
1/25/2016 6:00,45.80000051,392.1
1/25/2016 6:15,45.70000076,410.7
1/25/2016 6:30,45.46666718,417.9
1/25/2016 6:45,45.50000127,422.1
1/25/2016 7:00,45.59999975,428.1
1/25/2016 7:15,45.63333384,436.2
1/25/2016 7:30,45.60000102,432.3
1/25/2016 7:45,46.13333511,446.1
1/25/2016 8:00,47.30000051,451.5
1/25/2016 8:15,49.36666743,456
1/25/2016 8:30,50.13333511,459.9
1/25/2016 8:45,51.26666641,455.4
1/25/2016 9:00,52.10000102,452.4
1/25/2016 9:15,53.90000153,451.8
1/25/2016 9:30,55.46666718,450.6
1/25/2016 9:45,56.23333359,453.9
1/25/2016 10:00,56.80000178,456.3
1/25/2016 10:15,58.8333346,457.8
1/25/2016 10:30,59.46666718,464.7
1/25/2016 10:45,60.13333511,456
1/25/2016 11:00,61.90000025,466.5
1/25/2016 11:15,61.40000025,471.6
1/25/2016 11:30,62.3333346,472.5
1/25/2016 11:45,63.63333511,464.7
1/25/2016 12:00,63.66666794,469.8
1/25/2016 12:15,63.93333562,479.1
1/25/2016 12:30,63.93333308,475.2
1/25/2016 12:45,63.66666794,454.8
1/25/2016 13:00,64.83333333,471.3
1/25/2016 13:15,64.96666972,494.1
1/25/2016 13:30,65.96666718,477.9
1/25/2016 13:45,65.89999898,462
1/25/2016 14:00,65.50000254,450.3
1/25/2016 14:15,67.26666768,461.1
1/25/2016 14:30,67.40000153,459.6
1/25/2016 14:45,68.10000356,450.9
1/25/2016 15:00,67.26667023,446.4
1/25/2016 15:15,66.16666921,446.1
1/25/2016 15:30,66.8666687,453.9
1/25/2016 15:45,67.3666687,455.7
1/25/2016 16:00,63.60000102,452.4
1/25/2016 16:15,60.90000025,451.5
1/25/2016 16:30,61.56666692,446.1
1/25/2016 16:45,59.30000051,438.9
1/25/2016 17:00,58.3333346,434.4
1/25/2016 17:15,57.63333384,434.1
1/25/2016 17:30,57.23333359,412.5
1/25/2016 17:45,56.26666768,417.9
1/25/2016 18:00,55.56666819,420.9
1/25/2016 18:15,55.06666692,425.1
1/25/2016 18:30,55.00000127,416.1
1/25/2016 18:45,54.76666768,414.6
1/25/2016 19:00,53.66666794,417.6
1/25/2016 19:15,53.66666794,413.7
1/25/2016 19:30,53.13333384,421.2
1/25/2016 19:45,53.23333486,419.7
1/25/2016 20:00,51.76666768,391.5
1/25/2016 20:15,50.63333511,313.8
1/25/2016 20:30,49.96666718,307.8
1/25/2016 20:45,50.26666768,311.7
1/25/2016 21:00,50.16666794,305.7
1/25/2016 21:15,50.10000102,289.2
1/25/2016 21:30,51.86666743,281.7
1/25/2016 21:45,51.86666743,286.2
1/25/2016 22:00,51.16666667,288.9
1/25/2016 22:15,50.76666768,276.9
1/25/2016 22:30,49.73333486,285
1/25/2016 22:45,49.90000025,273.6
1/25/2016 23:00,49.30000178,272.1
1/25/2016 23:15,48.76666641,270.6
1/25/2016 23:30,48.73333486,268.2
1/25/2016 23:45,48.36666743,272.7
1/26/2016 0:00,48.43333435,264.3
1/26/2016 0:15,49.26666641,263.7
1/26/2016 0:30,49.10000102,256.5
1/26/2016 0:45,48.76666641,250.8
1/26/2016 1:00,48.46666845,251.4
1/26/2016 1:15,48.06666819,250.8
1/26/2016 1:30,47.43333435,253.2
1/26/2016 1:45,47.23333486,257.1
1/26/2016 2:00,46.80000051,254.7
1/26/2016 2:15,45.70000203,249.6
1/26/2016 2:30,45.66666667,247.2
1/26/2016 2:45,45.3333346,246.3
1/26/2016 3:00,45.23333359,250.2
1/26/2016 3:15,44.8333346,253.5
1/26/2016 3:30,44.73333486,256.5
1/26/2016 3:45,44.70000076,259.8
1/26/2016 4:00,43.86666743,255
1/26/2016 4:15,44.36666616,276
1/26/2016 4:30,44.16666794,282.6
1/26/2016 4:45,44.20000076,283.2
1/26/2016 5:00,43.23333486,285.6
1/26/2016 5:15,43.20000076,332.1
1/26/2016 5:30,43.93333435,336
1/26/2016 5:45,43.70000076,339.3
1/26/2016 6:00,43.10000102,340.8
1/26/2016 6:15,41.93333308,362.4
1/26/2016 6:30,42.16666794,375.9
1/26/2016 6:45,42.13333384,372.9
1/26/2016 7:00,41.76666768,397.5
1/26/2016 7:15,41.73333359,402.6
1/26/2016 7:30,42.23333359,406.2
1/26/2016 7:45,43.06666692,411.3
1/26/2016 8:00,44.93333308,413.7
1/26/2016 8:15,47.36666743,420.9
1/26/2016 8:30,49.59999975,414.9
1/26/2016 8:45,51.66666794,410.1
1/26/2016 9:00,53.56666692,408.3
1/26/2016 9:15,54.73333359,418.2
1/26/2016 9:30,55.96666845,410.1
1/26/2016 9:45,57.90000025,409.5
1/26/2016 10:00,59.56666692,405.3
1/26/2016 10:15,59.80000178,412.2
1/26/2016 10:30,60.43333308,411.9
1/26/2016 10:45,61.5333341,419.4
1/26/2016 11:00,62.76666768,475.2
1/26/2016 11:15,62.56666692,483.9
1/26/2016 11:30,62.86666743,465.3
1/26/2016 11:45,63.73333486,467.1
1/26/2016 12:00,63.73333359,472.5
1/26/2016 12:15,63.10000102,475.8
1/26/2016 12:30,63.33333333,476.1
1/26/2016 12:45,62.63333384,462.6
1/26/2016 13:00,62.66666667,469.8
1/26/2016 13:15,64.56666819,474.3
1/26/2016 13:30,66.26666768,468.6
1/26/2016 13:45,66.96666972,484.2
1/26/2016 14:00,65.26666768,494.4
1/26/2016 14:15,65.10000102,461.1
1/26/2016 14:30,66.83333588,465.9
1/26/2016 14:45,68.70000203,456.9
1/26/2016 15:00,71.39999898,465
1/26/2016 15:15,68.76666768,469.8
1/26/2016 15:30,70.43333435,470.7
1/26/2016 15:45,69,468.9
1/26/2016 16:00,65.83333588,464.4
1/26/2016 16:15,63.5333341,462.6
1/26/2016 16:30,61.69999949,450.9
1/26/2016 16:45,59.20000076,439.8
1/26/2016 17:00,58.0333341,434.7
1/26/2016 17:15,57.13333384,430.8
1/26/2016 17:30,56.16666667,426.6
1/26/2016 17:45,55.13333511,420.3
1/26/2016 18:00,55.00000127,424.2
1/26/2016 18:15,54.06666819,421.5
1/26/2016 18:30,53.09999975,420.3
1/26/2016 18:45,51.8333346,415.2
1/26/2016 19:00,51.43333308,409.5
1/26/2016 19:15,51.36666743,404.7
1/26/2016 19:30,50.50000127,402.3
1/26/2016 19:45,49.86666743,369.9
1/26/2016 20:00,50.66666794,363.6
1/26/2016 20:15,51,300.9
1/26/2016 20:30,50.26666768,297.9
1/26/2016 20:45,49.30000051,302.4
1/26/2016 21:00,49.00000127,304.2
1/26/2016 21:15,49.90000025,294.3
1/26/2016 21:30,49.8333346,280.8
1/26/2016 21:45,49.53333537,285.9
1/26/2016 22:00,49.36666743,272.1
1/26/2016 22:15,49.03333282,268.2
1/26/2016 22:30,48.40000153,264.9
1/26/2016 22:45,48.43333308,269.7
1/26/2016 23:00,48.80000178,261.9
1/26/2016 23:15,48.43333308,261.6
1/26/2016 23:30,48.30000051,259.8
1/26/2016 23:45,47.63333384,252.3
1/27/2016 0:00,47.36666743,259.8
1/27/2016 0:15,47.30000178,263.1
1/27/2016 0:30,47.10000102,262.2
1/27/2016 0:45,46.80000051,260.4
1/27/2016 1:00,47.26666768,258.3
1/27/2016 1:15,47.60000102,256.2
1/27/2016 1:30,47.66666794,255.9
1/27/2016 1:45,47.5333341,259.5
1/27/2016 2:00,48.10000102,265.5
1/27/2016 2:15,48.30000051,265.5
1/27/2016 2:30,48.06666819,257.7
1/27/2016 2:45,47.96666718,258.6
1/27/2016 3:00,48.23333359,251.1
1/27/2016 3:15,48.00000127,253.5
1/27/2016 3:30,47.93333435,252.9
1/27/2016 3:45,48.23333359,261.3
1/27/2016 4:00,48.73333486,261.3
1/27/2016 4:15,48.10000102,276.9
1/27/2016 4:30,47.83333333,283.8
1/27/2016 4:45,47.8333346,281.4
1/27/2016 5:00,47.86666743,276
1/27/2016 5:15,47.96666718,328.5
1/27/2016 5:30,47.73333486,343.2
1/27/2016 5:45,48.0333341,343.8
1/27/2016 6:00,47.56666819,340.8
1/27/2016 6:15,47.23333486,359.4
1/27/2016 6:30,47.0333341,360.6
1/27/2016 6:45,47.06666819,366.9
1/27/2016 7:00,46.63333384,379.5
1/27/2016 7:15,46.03333282,398.4
1/27/2016 7:30,45.93333435,404.4
1/27/2016 7:45,46.23333359,414.6
1/27/2016 8:00,46.73333359,414.3
1/27/2016 8:15,48.20000076,419.1
1/27/2016 8:30,50.26666768,418.5
1/27/2016 8:45,52.43333308,418.2
1/27/2016 9:00,52.66666667,425.1
1/27/2016 9:15,53.63333384,427.5
1/27/2016 9:30,54.66666667,425.1
1/27/2016 9:45,55.20000076,421.5
1/27/2016 10:00,56.60000102,418.2
1/27/2016 10:15,57.3666687,417.6
1/27/2016 10:30,58.26666768,423.3
1/27/2016 10:45,60.13333384,427.8
1/27/2016 11:00,60.8333346,434.7
1/27/2016 11:15,61.16666794,439.2
1/27/2016 11:30,62.33333333,438.9
1/27/2016 11:45,62.60000102,426.9
1/27/2016 12:00,63.3333346,429
1/27/2016 12:15,63.76666768,454.5
1/27/2016 12:30,65.23333613,488.1
1/27/2016 12:45,64.33333333,475.5
1/27/2016 13:00,65.96666718,473.1
1/27/2016 13:15,65.23333486,489.9
1/27/2016 13:30,67.26667023,479.7
1/27/2016 13:45,68.46666972,485.7
1/27/2016 14:00,66.06667074,478.2
1/27/2016 14:15,67.16666921,484.8
1/27/2016 14:30,70.33333333,485.4
1/27/2016 14:45,72.46666972,493.8
1/27/2016 15:00,71.96666718,484.8
1/27/2016 15:15,71.90000153,477.9
1/27/2016 15:30,73.03333537,472.8
1/27/2016 15:45,71.96666972,468
1/27/2016 16:00,70.53333537,471.9
1/27/2016 16:15,71.96666718,464.1
1/27/2016 16:30,70.80000051,464.4
1/27/2016 16:45,66.06666819,464.4
1/27/2016 17:00,63.13333384,452.4
1/27/2016 17:15,61.20000076,448.8
1/27/2016 17:30,59.40000153,450
1/27/2016 17:45,58.10000102,445.2
1/27/2016 18:00,56.23333486,433.5
1/27/2016 18:15,55.63333384,431.4
1/27/2016 18:30,54.30000051,431.1
1/27/2016 18:45,54.30000051,426.6
1/27/2016 19:00,53.00000127,424.8
1/27/2016 19:15,51.30000051,422.7
1/27/2016 19:30,51.63333384,414.3
1/27/2016 19:45,50.93333308,416.4
1/27/2016 20:00,50.0333341,419.4
1/27/2016 20:15,49.0333341,347.4
1/27/2016 20:30,49.20000076,337.2
1/27/2016 20:45,48.8333346,301.2
1/27/2016 21:00,48.8333346,300
1/27/2016 21:15,48.36666743,289.5
1/27/2016 21:30,48.40000025,288.9
1/27/2016 21:45,47.76666768,275.4
1/27/2016 22:00,47.76666768,275.7
1/27/2016 22:15,47.4666659,273.9
1/27/2016 22:30,46.70000203,271.5
1/27/2016 22:45,46.33333333,273.6
1/27/2016 23:00,46.10000102,266.1
1/27/2016 23:15,45.96666845,264.3
1/27/2016 23:30,45.63333511,254.7
1/27/2016 23:45,45.66666794,249.3
1/28/2016 0:00,45,263.1
1/28/2016 0:15,44.73333359,264.3
1/28/2016 0:30,43.90000153,252.3
1/28/2016 0:45,43.56666819,252.6
1/28/2016 1:00,43.56666692,255.6
1/28/2016 1:15,42.93333435,247.2
1/28/2016 1:30,43.30000051,250.8
1/28/2016 1:45,43.10000102,249.9
1/28/2016 2:00,42.56666692,247.5
1/28/2016 2:15,42.66666794,248.1
1/28/2016 2:30,42.73333359,249.6
1/28/2016 2:45,42.60000102,249.6
1/28/2016 3:00,42.86666743,254.7
1/28/2016 3:15,43,257.7
1/28/2016 3:30,43.13333511,261
1/28/2016 3:45,42.96666845,258.3
1/28/2016 4:00,43.53333537,253.2
1/28/2016 4:15,43.20000076,276
1/28/2016 4:30,43.3333346,276.9
1/28/2016 4:45,43.03333537,280.2
1/28/2016 5:00,42.80000051,282.6
1/28/2016 5:15,42.20000076,328.5
1/28/2016 5:30,42.30000178,349.5
1/28/2016 5:45,41.46666845,360
1/28/2016 6:00,41.90000025,351.3
1/28/2016 6:15,41.90000153,360.3
1/28/2016 6:30,41.70000076,370.8
1/28/2016 6:45,42.60000102,377.4
1/28/2016 7:00,43.23333486,379.5
1/28/2016 7:15,43.3666687,398.7
1/28/2016 7:30,45.06666692,405.3
1/28/2016 7:45,47.20000076,405.9
1/28/2016 8:00,48.36666616,416.4
1/28/2016 8:15,50.63333384,414.3
1/28/2016 8:30,52.00000127,415.2
1/28/2016 8:45,52.5,414.6
1/28/2016 9:00,52.16666667,416.7
1/28/2016 9:15,52.56666692,414.6
1/28/2016 9:30,52.59999975,411.9
1/28/2016 9:45,52.93333435,415.5
1/28/2016 10:00,52.93333435,419.4
1/28/2016 10:15,52.50000127,412.8
1/28/2016 10:30,53.5,420.9
1/28/2016 10:45,56.16666667,420.3
1/28/2016 11:00,58.90000153,426.3
1/28/2016 11:15,58.93333435,424.8
1/28/2016 11:30,62.33333333,417
1/28/2016 11:45,60.90000153,446.7
1/28/2016 12:00,60.16666794,487.5
1/28/2016 12:15,59.70000076,478.5
1/28/2016 12:30,60.26666768,475.8
1/28/2016 12:45,59.43333435,462.3
1/28/2016 13:00,59.60000102,465.9
1/28/2016 13:15,61.03333282,458.1
1/28/2016 13:30,61.93333308,458.4
1/28/2016 13:45,63.16666794,464.1
1/28/2016 14:00,63.40000025,467.1
1/28/2016 14:15,62.19999949,465.6
1/28/2016 14:30,62.56666819,469.2
1/28/2016 14:45,62.66666794,462
1/28/2016 15:00,63.43333308,460.5
1/28/2016 15:15,62.83333333,462.6
1/28/2016 15:30,62.56666819,448.8
1/28/2016 15:45,62.76666641,440.1
1/28/2016 16:00,62.76666768,437.1
1/28/2016 16:15,62.70000076,435
1/28/2016 16:30,62.26666641,447
1/28/2016 16:45,61.86666616,450.9
1/28/2016 17:00,61.53333537,442.5
1/28/2016 17:15,61.3333346,437.4
1/28/2016 17:30,61.0333341,445.5
1/28/2016 17:45,60.09999975,441.6
1/28/2016 18:00,59.26666641,422.1
1/28/2016 18:15,59.23333359,414.3
1/28/2016 18:30,59.10000229,405.6
1/28/2016 18:45,59.13333511,417
1/28/2016 19:00,58.93333435,411.9
1/28/2016 19:15,58.83333333,408.6
1/28/2016 19:30,58.73333359,401.1
1/28/2016 19:45,58.53333537,411.3
1/28/2016 20:00,58.13333384,405.3
1/28/2016 20:15,57.56666692,332.4
1/28/2016 20:30,57.76666768,342.3
1/28/2016 20:45,58.0333341,333
1/28/2016 21:00,57.96666845,311.7
1/28/2016 21:15,58.13333384,302.7
1/28/2016 21:30,58.20000203,317.4
1/28/2016 21:45,58.36666616,324
1/28/2016 22:00,57.93333435,278.4
1/28/2016 22:15,57.66666794,280.8
1/28/2016 22:30,57.10000102,299.1
1/28/2016 22:45,57.30000051,324
1/28/2016 23:00,57.16666794,299.7
1/28/2016 23:15,56.80000051,264.9
1/28/2016 23:30,56.63333384,287.7
1/28/2016 23:45,56.46666718,320.7
1/29/2016 0:00,56.16666667,295.5
1/29/2016 0:15,55.96666845,276.6
1/29/2016 0:30,55.5333341,260.1
1/29/2016 0:45,55.0333341,271.5
1/29/2016 1:00,55.5333341,306.3
1/29/2016 1:15,55.93333308,285.3
1/29/2016 1:30,56.06666819,282
1/29/2016 1:45,56.43333308,260.1
1/29/2016 2:00,56.10000102,264.6
1/29/2016 2:15,55.46666845,311.1
1/29/2016 2:30,54.66666794,284.1
1/29/2016 2:45,53.80000051,273.9
1/29/2016 3:00,53.86666743,269.7
1/29/2016 3:15,53.73333359,256.8
1/29/2016 3:30,54.23333486,254.4
1/29/2016 3:45,55.13333384,252.3
1/29/2016 4:00,55,251.1
1/29/2016 4:15,55.10000102,277.8
1/29/2016 4:30,55.5333341,281.4
1/29/2016 4:45,56.30000178,280.5
1/29/2016 5:00,56.56666692,282.6
1/29/2016 5:15,56.90000153,320.7
1/29/2016 5:30,56.56666819,366.6
1/29/2016 5:45,56.60000102,399
1/29/2016 6:00,56.80000051,397.8
1/29/2016 6:15,56.66666667,370.8
1/29/2016 6:30,56.59999975,356.1
1/29/2016 6:45,56.40000025,394.2
1/29/2016 7:00,56.50000127,413.7
1/29/2016 7:15,56.16666794,400.2
1/29/2016 7:30,56.46666718,388.8
1/29/2016 7:45,56.63333511,387.6
1/29/2016 8:00,56.90000025,380.1
1/29/2016 8:15,57.23333359,376.2
1/29/2016 8:30,58.40000153,378.6
1/29/2016 8:45,58.56666819,381.9
1/29/2016 9:00,59.26666768,403.8
1/29/2016 9:15,60.36666743,410.4
1/29/2016 9:30,61.20000076,408.6
1/29/2016 9:45,61.70000076,412.5
1/29/2016 10:00,62.43333308,405.3
1/29/2016 10:15,63.40000153,403.8
1/29/2016 10:30,64.96666972,393
1/29/2016 10:45,66.06666819,385.5
1/29/2016 11:00,68.06666819,428.7
1/29/2016 11:15,66.5,491.7
1/29/2016 11:30,65.83333588,461.4
1/29/2016 11:45,67.40000153,452.4
1/29/2016 12:00,66.53333537,457.5
1/29/2016 12:15,66.70000203,474.9
1/29/2016 12:30,67.53333791,470.1
1/29/2016 12:45,67.90000153,463.2
1/29/2016 13:00,67.50000254,450
1/29/2016 13:15,67.73333486,453.3
1/29/2016 13:30,65.89999898,458.1
1/29/2016 13:45,65.13333639,457.5
1/29/2016 14:00,65.50000254,458.7
1/29/2016 14:15,64.46666972,458.7
1/29/2016 14:30,63.66666794,464.1
1/29/2016 14:45,64.06666692,438.3
1/29/2016 15:00,63.8666687,439.8
1/29/2016 15:15,63.5,444.6
1/29/2016 15:30,62.90000025,452.7
1/29/2016 15:45,62.29999924,435.3
1/29/2016 16:00,62.33333333,432.9
1/29/2016 16:15,61.90000025,437.4
1/29/2016 16:30,61.56666819,435
1/29/2016 16:45,61.10000102,439.8
1/29/2016 17:00,60.3333346,428.7
1/29/2016 17:15,60.10000102,428.7
1/29/2016 17:30,60.16666794,415.5
1/29/2016 17:45,60.06666692,414.6
1/29/2016 18:00,59.83333333,426.6
1/29/2016 18:15,60.0333341,402.6
1/29/2016 18:30,59.86666616,401.1
1/29/2016 18:45,59.90000025,408.6
1/29/2016 19:00,59.36666743,405.6
1/29/2016 19:15,59.29999924,411.3
1/29/2016 19:30,58.96666718,402.3
1/29/2016 19:45,58.73333359,401.7
1/29/2016 20:00,58.70000076,402.9
1/29/2016 20:15,58.5,351.6
1/29/2016 20:30,58.06666819,336.6
1/29/2016 20:45,58.16666794,328.2
1/29/2016 21:00,58.73333359,292.8
1/29/2016 21:15,58.13333384,318
1/29/2016 21:30,57.73333486,312
1/29/2016 21:45,57.60000229,312.9
1/29/2016 22:00,55.86666743,312.3
1/29/2016 22:15,54.50000127,299.7
1/29/2016 22:30,54.23333359,253.5
1/29/2016 22:45,54.23333359,266.7
1/29/2016 23:00,54.16666794,260.4
1/29/2016 23:15,54.23333486,264.6
1/29/2016 23:30,54.40000153,261
1/29/2016 23:45,54.66666794,257.4
1/30/2016 0:00,54.63333511,252.3
1/30/2016 0:15,54.50000127,266.7
1/30/2016 0:30,53.93333435,254.4
1/30/2016 0:45,53.20000076,255.9
1/30/2016 1:00,53.30000051,266.7
1/30/2016 1:15,53.5333341,249.9
1/30/2016 1:30,53.5333341,249
1/30/2016 1:45,53.43333435,246.9
1/30/2016 2:00,53.26666768,244.5
1/30/2016 2:15,52.8666687,245.1
1/30/2016 2:30,52.13333511,246.6
1/30/2016 2:45,52.16666794,243
1/30/2016 3:00,52.16666794,245.4
1/30/2016 3:15,52.0333341,247.8
1/30/2016 3:30,52.10000102,250.2
1/30/2016 3:45,52.06666692,246.9
1/30/2016 4:00,52,247.5
1/30/2016 4:15,52.06666819,241.8
1/30/2016 4:30,51.9666659,237
1/30/2016 4:45,51.90000025,237.9
1/30/2016 5:00,51.43333435,238.5
1/30/2016 5:15,50.80000051,243.3
1/30/2016 5:30,50.20000076,249
1/30/2016 5:45,50.33333333,252.9
1/30/2016 6:00,50.0333341,252.9
1/30/2016 6:15,49.96666718,246.9
1/30/2016 6:30,50.50000127,248.7
1/30/2016 6:45,50.63333384,252.6
1/30/2016 7:00,50.06666692,242.1
1/30/2016 7:15,50.20000076,246.9
1/30/2016 7:30,49.73333486,247.8
1/30/2016 7:45,50.0333341,244.8
1/30/2016 8:00,50.16666667,242.7
1/30/2016 8:15,50.8333346,244.5
1/30/2016 8:30,51.36666743,249.9
1/30/2016 8:45,52.8333346,246.9
1/30/2016 9:00,53.46666718,240
1/30/2016 9:15,54.03333537,237
1/30/2016 9:30,54.43333308,243.6
1/30/2016 9:45,56.16666794,247.2
1/30/2016 10:00,57.3333346,252
1/30/2016 10:15,58.10000102,252.3
1/30/2016 10:30,59.43333308,254.1
1/30/2016 10:45,59.3333346,257.1
1/30/2016 11:00,60.90000153,255
1/30/2016 11:15,60.06666692,258.6
1/30/2016 11:30,60.00000127,262.5
1/30/2016 11:45,60.23333359,262.5
1/30/2016 12:00,61.40000025,258.6
1/30/2016 12:15,62.83333333,255.3
1/30/2016 12:30,62.70000076,253.2
1/30/2016 12:45,62.83333333,256.5
1/30/2016 13:00,63.3666687,263.7
1/30/2016 13:15,63.80000051,306.9
1/30/2016 13:30,62.43333435,299.7
1/30/2016 13:45,62.09999975,303.3
1/30/2016 14:00,59.86666743,282.3
1/30/2016 14:15,59.40000153,274.2
1/30/2016 14:30,59.70000076,294.3
1/30/2016 14:45,59.83333333,298.8
1/30/2016 15:00,58.70000076,273.3
1/30/2016 15:15,57.96666718,264
1/30/2016 15:30,57.19999949,279.3
1/30/2016 15:45,56.93333308,300.3
1/30/2016 16:00,55.90000025,299.1
1/30/2016 16:15,55.50000127,282.9
1/30/2016 16:30,54.80000051,263.1
1/30/2016 16:45,54.46666718,252.6
1/30/2016 17:00,54.06666692,255.3
1/30/2016 17:15,53.73333359,257.4
1/30/2016 17:30,53.26666768,261.6
1/30/2016 17:45,52.93333435,264.3
1/30/2016 18:00,52.73333486,276
1/30/2016 18:15,52.66666667,264.3
1/30/2016 18:30,52.5,254.1
1/30/2016 18:45,52.3333346,252.6
1/30/2016 19:00,52.13333384,259.8
1/30/2016 19:15,51.93333435,260.4
1/30/2016 19:30,51.79999924,255
1/30/2016 19:45,51.70000076,260.7
1/30/2016 20:00,51.70000076,270.3
1/30/2016 20:15,51.60000102,270
1/30/2016 20:30,51.10000102,270.3
1/30/2016 20:45,50.56666692,273.9
1/30/2016 21:00,50.63333384,272.1
1/30/2016 21:15,50.70000076,257.7
1/30/2016 21:30,50.46666718,264.9
1/30/2016 21:45,49.70000076,266.4
1/30/2016 22:00,49.76666768,257.7
1/30/2016 22:15,49.5333341,264.9
1/30/2016 22:30,49.33333333,267
1/30/2016 22:45,49.23333359,262.8
1/30/2016 23:00,49.56666819,259.5
1/30/2016 23:15,50.29999924,261
1/30/2016 23:30,50.60000102,255.9
1/30/2016 23:45,50.56666819,261.3
1/31/2016 0:00,50.3666687,253.2
1/31/2016 0:15,50.50000127,257.7
1/31/2016 0:30,50.33333333,263.4
1/31/2016 0:45,50.16666794,261.6
1/31/2016 1:00,50.26666768,256.8
1/31/2016 1:15,49.8333346,258
1/31/2016 1:30,49.80000051,250.2
1/31/2016 1:45,49.43333435,249.9
1/31/2016 2:00,49.80000051,245.4
1/31/2016 2:15,49.50000127,250.8
1/31/2016 2:30,49.43333308,249.9
1/31/2016 2:45,49.10000102,246.9
1/31/2016 3:00,49.0333341,247.2
1/31/2016 3:15,49.5333341,244.8
1/31/2016 3:30,49.66666667,242.7
1/31/2016 3:45,49.96666718,249.6
1/31/2016 4:00,49.60000102,248.4
1/31/2016 4:15,49.40000025,247.2
1/31/2016 4:30,49.80000178,250.8
1/31/2016 4:45,49,255
1/31/2016 5:00,48.5,246.9
1/31/2016 5:15,48.36666743,250.8
1/31/2016 5:30,47.63333384,256.8
1/31/2016 5:45,47.23333359,256.8
1/31/2016 6:00,46.66666794,247.2
1/31/2016 6:15,45.96666718,250.5
1/31/2016 6:30,45.60000102,250.8
1/31/2016 6:45,45.40000025,250.2
1/31/2016 7:00,45.46666718,257.7
1/31/2016 7:15,45.96666845,257.1
1/31/2016 7:30,46.16666794,251.7
1/31/2016 7:45,45.90000025,250.2
1/31/2016 8:00,46.40000153,248.4
1/31/2016 8:15,46.76666768,247.2
1/31/2016 8:30,47.26666768,248.7
1/31/2016 8:45,47.96666845,251.4
1/31/2016 9:00,49.0333341,250.2
1/31/2016 9:15,50.13333384,254.4
1/31/2016 9:30,50.40000025,245.7
1/31/2016 9:45,49.90000153,244.5
1/31/2016 10:00,50.66666667,255.6
1/31/2016 10:15,50.63333384,260.1
1/31/2016 10:30,50.86666616,258.3
1/31/2016 10:45,51.36666616,260.1
1/31/2016 11:00,51.06666819,265.5
1/31/2016 11:15,50.96666718,267.3
1/31/2016 11:30,53.23333359,261.9
1/31/2016 11:45,55.8333346,256.5
1/31/2016 12:00,55.86666616,264
1/31/2016 12:15,56.56666819,265.5
1/31/2016 12:30,57.76666768,267.9
1/31/2016 12:45,57.10000102,262.5
1/31/2016 13:00,57.43333435,264.6
1/31/2016 13:15,58.3333346,261.9
1/31/2016 13:30,57.30000051,255.6
1/31/2016 13:45,57.3666687,254.4
1/31/2016 14:00,56.63333384,267.9
1/31/2016 14:15,57.06666819,266.7
1/31/2016 14:30,56.66666794,265.2
1/31/2016 14:45,57.13333384,257.1
1/31/2016 15:00,58.36666743,264
1/31/2016 15:15,56.86666743,266.7
1/31/2016 15:30,58.26666768,270.3
1/31/2016 15:45,57.13333384,265.5
1/31/2016 16:00,55.86666743,257.4
1/31/2016 16:15,56.80000051,266.4
1/31/2016 16:30,54.63333511,257.7
1/31/2016 16:45,52.46666718,255.9
1/31/2016 17:00,51.20000076,265.2
1/31/2016 17:15,50.93333435,261
1/31/2016 17:30,50.70000076,259.8
1/31/2016 17:45,50.60000102,263.1
1/31/2016 18:00,50.36666743,253.8
1/31/2016 18:15,50.16666794,251.4
1/31/2016 18:30,50.06666819,252.6
1/31/2016 18:45,49.86666743,254.1
1/31/2016 19:00,49.76666641,255
1/31/2016 19:15,49.53333537,260.7
1/31/2016 19:30,49.53333537,260.4
1/31/2016 19:45,49.33333333,261.6
1/31/2016 20:00,49.13333511,262.5
1/31/2016 20:15,49.00000127,263.4
1/31/2016 20:30,48.90000025,261.9
1/31/2016 20:45,48.56666692,267.3
1/31/2016 21:00,48.30000051,264.6
1/31/2016 21:15,48.20000076,267.9
1/31/2016 21:30,47.93333308,269.7
1/31/2016 21:45,47.70000076,261.6
1/31/2016 22:00,47.56666819,261
1/31/2016 22:15,47.36666743,263.4
1/31/2016 22:30,47.30000051,267
1/31/2016 22:45,47.26666641,259.8
1/31/2016 23:00,47.20000076,254.4
1/31/2016 23:15,47.33333333,261
1/31/2016 23:30,47.30000051,262.8
1/31/2016 23:45,47.00000127,270.3
2/1/2016 0:00,46.56666819,269.7
2/1/2016 0:15,46.73333486,268.5
2/1/2016 0:30,47.13333511,263.1
2/1/2016 0:45,47.26666768,259.5
2/1/2016 1:00,47.23333359,261.9
2/1/2016 1:15,46.90000153,264.3
2/1/2016 1:30,46.73333359,267.9
2/1/2016 1:45,46.66666794,265.5
2/1/2016 2:00,46.59999975,257.1
2/1/2016 2:15,46.56666819,258.6
2/1/2016 2:30,46.40000025,263.1
2/1/2016 2:45,46.00000127,260.7
2/1/2016 3:00,45.70000076,262.2
2/1/2016 3:15,45.43333435,260.7
2/1/2016 3:30,45.50000127,262.8
2/1/2016 3:45,45.13333384,262.2
2/1/2016 4:00,44.56666692,262.2
2/1/2016 4:15,43.8333346,285.6
2/1/2016 4:30,44.0333341,280.8
2/1/2016 4:45,44.00000127,279.6
2/1/2016 5:00,44.30000178,276
2/1/2016 5:15,43.90000153,328.5
2/1/2016 5:30,43.20000076,345.6
2/1/2016 5:45,43.50000127,349.5
2/1/2016 6:00,43.73333359,353.7
2/1/2016 6:15,43.43333435,371.4
2/1/2016 6:30,43.30000051,384
2/1/2016 6:45,43.10000102,390.3
2/1/2016 7:00,42.90000153,408.3
2/1/2016 7:15,43.46666718,410.7
2/1/2016 7:30,44.13333384,414
2/1/2016 7:45,45.20000076,407.7
2/1/2016 8:00,46.5333341,414.6
2/1/2016 8:15,47.93333435,414.6
2/1/2016 8:30,48.66666794,409.8
2/1/2016 8:45,49.86666743,412.8
2/1/2016 9:00,50.66666667,413.1
2/1/2016 9:15,51.26666641,418.5
2/1/2016 9:30,51.33333333,421.5
2/1/2016 9:45,51.90000025,417.9
2/1/2016 10:00,52.56666819,419.4
2/1/2016 10:15,53.06666819,422.4
2/1/2016 10:30,53.16666667,423.9
2/1/2016 10:45,53.46666718,414
2/1/2016 11:00,53.73333486,416.4
2/1/2016 11:15,55.13333384,418.5
2/1/2016 11:30,55.16666794,423.9
2/1/2016 11:45,55.06666819,418.2
2/1/2016 12:00,55.56666692,424.8
2/1/2016 12:15,55.83333333,420.3
2/1/2016 12:30,56.63333384,420.6
2/1/2016 12:45,57.13333511,408
2/1/2016 13:00,57.16666794,422.7
2/1/2016 13:15,57.30000178,422.7
2/1/2016 13:30,57.73333486,419.7
2/1/2016 13:45,57.8333346,435.3
2/1/2016 14:00,58.53333537,417.9
2/1/2016 14:15,58.63333384,413.1
2/1/2016 14:30,59.00000127,417.9
2/1/2016 14:45,61.00000127,419.7
2/1/2016 15:00,62.16666667,411.3
2/1/2016 15:15,61.20000076,419.4
2/1/2016 15:30,63.56666819,414
2/1/2016 15:45,61.80000051,414.9
2/1/2016 16:00,61.96666718,413.7
2/1/2016 16:15,61.86666743,408.3
2/1/2016 16:30,58.40000153,410.4
2/1/2016 16:45,54.76666768,420
2/1/2016 17:00,53.26666896,406.2
2/1/2016 17:15,52.13333511,411.9
2/1/2016 17:30,50.93333435,401.1
2/1/2016 17:45,50.10000102,403.2
2/1/2016 18:00,49.60000102,391.5
2/1/2016 18:15,49.23333359,386.1
2/1/2016 18:30,48.63333384,366.9
2/1/2016 18:45,48.36666743,373.5
2/1/2016 19:00,48.06666692,365.1
2/1/2016 19:15,47.83333333,375.6
2/1/2016 19:30,47.46666718,389.4
2/1/2016 19:45,47.13333384,384.9
2/1/2016 20:00,46.73333486,383.7
2/1/2016 20:15,46.33333333,304.8
2/1/2016 20:30,45.80000051,314.4
2/1/2016 20:45,44.80000178,306.3
2/1/2016 21:00,43.63333384,315.6
2/1/2016 21:15,44.10000102,305.1
2/1/2016 21:30,45.43333435,296.1
2/1/2016 21:45,45.73333486,296.7
2/1/2016 22:00,44.56666692,297.3
2/1/2016 22:15,45.5333341,290.1
2/1/2016 22:30,46.33333333,287.4
2/1/2016 22:45,46.43333435,279
2/1/2016 23:00,46.13333384,282
2/1/2016 23:15,45.20000203,280.2
2/1/2016 23:30,44.86666743,278.1
2/1/2016 23:45,46.30000051,273.9
2/2/2016 0:00,44.36666743,266.1
2/2/2016 0:15,43.56666692,254.4
2/2/2016 0:30,42.80000051,260.7
2/2/2016 0:45,41.73333359,258.6
2/2/2016 1:00,41.16666794,262.8
2/2/2016 1:15,41.69999949,255.3
2/2/2016 1:30,41.83333333,252.6
2/2/2016 1:45,41.73333486,257.7
2/2/2016 2:00,42.09999975,261.3
2/2/2016 2:15,42.3333346,258.9
2/2/2016 2:30,42.80000051,261
2/2/2016 2:45,43.56666819,258.6
2/2/2016 3:00,43.43333435,262.2
2/2/2016 3:15,43.3333346,263.4
2/2/2016 3:30,43.93333435,260.7
2/2/2016 3:45,44.36666743,260.7
2/2/2016 4:00,44.40000025,266.4
2/2/2016 4:15,44.80000051,283.5
2/2/2016 4:30,45.16666667,288
2/2/2016 4:45,44.66666667,288.9
2/2/2016 5:00,44.36666743,283.2
2/2/2016 5:15,43.80000178,331.2
2/2/2016 5:30,43.46666845,337.8
2/2/2016 5:45,43.40000025,343.2
2/2/2016 6:00,43.70000203,352.5
2/2/2016 6:15,43.90000025,371.4
2/2/2016 6:30,43.66666794,381.6
2/2/2016 6:45,43.66666794,391.8
2/2/2016 7:00,43.60000229,391.8
2/2/2016 7:15,43.56666819,413.7
2/2/2016 7:30,43.46666845,428.7
2/2/2016 7:45,43.66666667,427.2
2/2/2016 8:00,43.96666845,422.4
2/2/2016 8:15,44.50000127,427.2
2/2/2016 8:30,45,422.7
2/2/2016 8:45,45.70000076,420
2/2/2016 9:00,46.23333359,421.5
2/2/2016 9:15,47.16666667,431.1
2/2/2016 9:30,48.0333341,424.2
2/2/2016 9:45,48.46666718,415.2
2/2/2016 10:00,50.83333333,412.5
2/2/2016 10:15,52.76666768,423
2/2/2016 10:30,53.70000076,417.9
2/2/2016 10:45,54.59999975,417.3
2/2/2016 11:00,55.63333384,422.7
2/2/2016 11:15,56.3666687,412.5
2/2/2016 11:30,57.56666819,415.8
2/2/2016 11:45,55.96666718,423.9
2/2/2016 12:00,54.83333333,426.6
2/2/2016 12:15,58.06666692,421.5
2/2/2016 12:30,58.23333359,424.5
2/2/2016 12:45,59.40000153,434.1
2/2/2016 13:00,58.0333341,432
2/2/2016 13:15,58.86666743,428.1
